url,label,protocol,url_length,digit_count,special_char_count,num_dots,hyphen_count,is_ip,num_subdomains,registered,domain_age,domain_expiry,unique_dns_tld_set,dns_valid,num_links,num_images,num_forms,num_stylesheets,num_meta_tags,title_length,num_iframes,num_obfuscated_scripts
http://24.225.237.74/league/season/S2022/index.php,0,http,50,14,11,3,0,1,0,1,8928,77,{'ca'},0,280,160,0,3,4,18,0,0
,,,,,,,,,,,,,,,,,,,,,,
,,,,,,,,,,,,,,,,,,,,,,
,,,,,,,,,,,,,,,,,,,,,,
,,,,,,,,,,,,,,,,,,,,,,
,,,,,,,,,,,,,,,,,,,,,,
,,,,,,,,,,,,,,,,,,,,,,
,,,,,,,,,,,,,,,,,,,,,,
,,,,,,,,,,,,,,,,,,,,,,
,,,,,,,,,,,,,,,,,,,,,,
,,,,,,,,,,,,,,,,,,,,,,
,,,,,,,,,,,,,,,,,,,,,,
,,,,,,,,,,,,,,,,,,,,,,
,,,,,,,,,,,,,,,,,,,,,,
,,,,,,,,,,,,,,,,,,,,,,
,,,,,,,,,,,,,,,,,,,,,,
,,,,,,,,,,,,,,,,,,,,,,
,,,,,,,,,,,,,,,,,,,,,,
,,,,,,,,,,,,,,,,,,,,,,
,,,,,,,,,,,,,,,,,,,,,,
,,,,,,,,,,,,,,,,,,,,,,
,,,,,,,,,,,,,,,,,,,,,,
,,,,,,,,,,,,,,,,,,,,,,
,,,,,,,,,,,,,,,,,,,,,,
,,,,,,,,,,,,,,,,,,,,,,
,,,,,,,,,,,,,,,,,,,,,,
,,,,,,,,,,,,,,,,,,,,,,
,,,,,,,,,,,,,,,,,,,,,,
,,,,,,,,,,,,,,,,,,,,,,
,,,,,,,,,,,,,,,,,,,,,,
,,,,,,,,,,,,,,,,,,,,,,
,,,,,,,,,,,,,,,,,,,,,,
,,,,,,,,,,,,,,,,,,,,,,
,,,,,,,,,,,,,,,,,,,,,,
,,,,,,,,,,,,,,,,,,,,,,
,,,,,,,,,,,,,,,,,,,,,,
,,,,,,,,,,,,,,,,,,,,,,
,,,,,,,,,,,,,,,,,,,,,,
,,,,,,,,,,,,,,,,,,,,,,
,,,,,,,,,,,,,,,,,,,,,,
,,,,,,,,,,,,,,,,,,,,,,
,,,,,,,,,,,,,,,,,,,,,,
,,,,,,,,,,,,,,,,,,,,,,
,,,,,,,,,,,,,,,,,,,,,,
,,,,,,,,,,,,,,,,,,,,,,
,,,,,,,,,,,,,,,,,,,,,,
,,,,,,,,,,,,,,,,,,,,,,
,,,,,,,,,,,,,,,,,,,,,,
,,,,,,,,,,,,,,,,,,,,,,
,,,,,,,,,,,,,,,,,,,,,,
,,,,,,,,,,,,,,,,,,,,,,
,,,,,,,,,,,,,,,,,,,,,,
,,,,,,,,,,,,,,,,,,,,,,
,,,,,,,,,,,,,,,,,,,,,,
,,,,,,,,,,,,,,,,,,,,,,
,,,,,,,,,,,,,,,,,,,,,,
,,,,,,,,,,,,,,,,,,,,,,
,,,,,,,,,,,,,,,,,,,,,,
,,,,,,,,,,,,,,,,,,,,,,
,,,,,,,,,,,,,,,,,,,,,,
,,,,,,,,,,,,,,,,,,,,,,
,,,,,,,,,,,,,,,,,,,,,,
,,,,,,,,,,,,,,,,,,,,,,
,,,,,,,,,,,,,,,,,,,,,,
,,,,,,,,,,,,,,,,,,,,,,
,,,,,,,,,,,,,,,,,,,,,,
,,,,,,,,,,,,,,,,,,,,,,
,,,,,,,,,,,,,,,,,,,,,,
,,,,,,,,,,,,,,,,,,,,,,
,,,,,,,,,,,,,,,,,,,,,,
,,,,,,,,,,,,,,,,,,,,,,
,,,,,,,,,,,,,,,,,,,,,,
,,,,,,,,,,,,,,,,,,,,,,
,,,,,,,,,,,,,,,,,,,,,,
,,,,,,,,,,,,,,,,,,,,,,
,,,,,,,,,,,,,,,,,,,,,,
,,,,,,,,,,,,,,,,,,,,,,
,,,,,,,,,,,,,,,,,,,,,,
,,,,,,,,,,,,,,,,,,,,,,
,,,,,,,,,,,,,,,,,,,,,,
,,,,,,,,,,,,,,,,,,,,,,
,,,,,,,,,,,,,,,,,,,,,,
,,,,,,,,,,,,,,,,,,,,,,
,,,,,,,,,,,,,,,,,,,,,,
,,,,,,,,,,,,,,,,,,,,,,
,,,,,,,,,,,,,,,,,,,,,,
,,,,,,,,,,,,,,,,,,,,,,
,,,,,,,,,,,,,,,,,,,,,,
,,,,,,,,,,,,,,,,,,,,,,
,,,,,,,,,,,,,,,,,,,,,,
,,,,,,,,,,,,,,,,,,,,,,
,,,,,,,,,,,,,,,,,,,,,,
,,,,,,,,,,,,,,,,,,,,,,
,,,,,,,,,,,,,,,,,,,,,,
,,,,,,,,,,,,,,,,,,,,,,
,,,,,,,,,,,,,,,,,,,,,,
,,,,,,,,,,,,,,,,,,,,,,
,,,,,,,,,,,,,,,,,,,,,,
,,,,,,,,,,,,,,,,,,,,,,
,,,,,,,,,,,,,,,,,,,,,,
,,,,,,,,,,,,,,,,,,,,,,
,,,,,,,,,,,,,,,,,,,,,,
,,,,,,,,,,,,,,,,,,,,,,
,,,,,,,,,,,,,,,,,,,,,,
,,,,,,,,,,,,,,,,,,,,,,
,,,,,,,,,,,,,,,,,,,,,,
,,,,,,,,,,,,,,,,,,,,,,
,,,,,,,,,,,,,,,,,,,,,,
,,,,,,,,,,,,,,,,,,,,,,
,,,,,,,,,,,,,,,,,,,,,,
,,,,,,,,,,,,,,,,,,,,,,
,,,,,,,,,,,,,,,,,,,,,,
,,,,,,,,,,,,,,,,,,,,,,
,,,,,,,,,,,,,,,,,,,,,,
,,,,,,,,,,,,,,,,,,,,,,
,,,,,,,,,,,,,,,,,,,,,,
,,,,,,,,,,,,,,,,,,,,,,
,,,,,,,,,,,,,,,,,,,,,,
,,,,,,,,,,,,,,,,,,,,,,
,,,,,,,,,,,,,,,,,,,,,,
,,,,,,,,,,,,,,,,,,,,,,
,,,,,,,,,,,,,,,,,,,,,,
,,,,,,,,,,,,,,,,,,,,,,
,,,,,,,,,,,,,,,,,,,,,,
,,,,,,,,,,,,,,,,,,,,,,
,,,,,,,,,,,,,,,,,,,,,,
,,,,,,,,,,,,,,,,,,,,,,
,,,,,,,,,,,,,,,,,,,,,,
,,,,,,,,,,,,,,,,,,,,,,
,,,,,,,,,,,,,,,,,,,,,,
,,,,,,,,,,,,,,,,,,,,,,
,,,,,,,,,,,,,,,,,,,,,,
,,,,,,,,,,,,,,,,,,,,,,
,,,,,,,,,,,,,,,,,,,,,,
,,,,,,,,,,,,,,,,,,,,,,
,,,,,,,,,,,,,,,,,,,,,,
,,,,,,,,,,,,,,,,,,,,,,
,,,,,,,,,,,,,,,,,,,,,,
,,,,,,,,,,,,,,,,,,,,,,
,,,,,,,,,,,,,,,,,,,,,,
,,,,,,,,,,,,,,,,,,,,,,
,,,,,,,,,,,,,,,,,,,,,,
,,,,,,,,,,,,,,,,,,,,,,
,,,,,,,,,,,,,,,,,,,,,,
,,,,,,,,,,,,,,,,,,,,,,
,,,,,,,,,,,,,,,,,,,,,,
http://128.199.182.49/,0,http,22,11,7,3,0,1,0,0,,,set(),0,76,15,0,5,16,44,0,4
http://142.250.181.184/robots.txt,0,http,33,12,8,3,0,1,0,1,5677,166,{'COM'},0,,,,,,,,
https://animedao.ac/watch-online/saint-seiya-knights-of-the-zodiac-battle-sanctuary-part-2-dub-episode-8,0,https,104,2,19,1,0,0,0,1,157,207,{'com'},1,,,,,,,,
http://boquetecleaningservices.com/nshkarm7,1,http,43,1,5,1,0,0,0,1,281,83,{'COM'},1,,,,,,,,
http://155.159.56.68:3290/robots.txt,0,http,36,14,9,3,0,1,0,0,,,set(),0,,,,,,,,
http://45.32.41.3/download.php?link=books%2F08eb70fc155086203d0b9caf2ca13435.pdf&book=%E8%AB%96%E6%96%B0%E6%B0%91%E6%AD%8C%E9%81%8B%E5%8B%95%E7%9A%84%E7%94%9F%E6%88%90%E7%99%BC%E5%B1%95,0,http,185,70,47,3,0,1,0,1,1127,698,{'COM'},0,,,,,,,,
http://113.221.46.91:52504/i,1,http,28,15,8,3,0,1,0,0,,,set(),0,,,,,,,,
http://222.138.149.164:35162/i,1,http,30,17,8,3,0,1,0,0,,,set(),0,,,,,,,,
http://61.0.179.215:45494/Mozi.m,1,http,32,14,9,3,0,1,0,0,,,set(),0,,,,,,,,
http://222.137.203.93:35436/bin.sh,1,http,34,16,9,3,0,1,0,0,,,set(),0,,,,,,,,
https://101.99.90.156/porn-categories/cock-riding/,0,https,50,10,11,3,0,1,0,1,176,188,{'LA'},0,179,8,1,5,18,45,0,5
https://174.138.19.111/01spin303/discover,0,https,41,16,8,3,0,1,0,1,2479,807,{'COM'},0,,,,,,,,
https://www.freestyle.abbott/jo-en/support/faq/question-answer.html?q=the-freestyle-libre-system-tab-question-17,0,https,112,2,20,2,0,0,1,1,3233,53,{'net'},1,101,7,3,6,18,76,1,6
https://www.cavendish.ac/ideas-to-reality/ideas-to-reality-2/,0,https,61,1,13,2,0,0,1,1,611,119,{'com'},1,94,4,3,7,28,42,2,9
http://178.141.157.231:50488/bin.sh,1,http,35,17,9,3,0,1,0,1,10004,233,"{'ru', 'net'}",0,,,,,,,,
https://www.molecular.abbott/us/en/chromosome-main/1,0,https,52,1,10,2,0,0,1,0,,,set(),1,166,11,17,8,13,62,1,20
http://119.178.187.162:40185/bin.sh,1,http,35,17,9,3,0,1,0,0,,,set(),0,,,,,,,,
http://ssfsy-homepage.larrinca.com:8080/zz,1,http,42,4,8,2,1,0,1,1,324,40,{'COM'},1,,,,,,,,
https://213.190.4.28/games228/,0,https,30,12,8,3,0,1,0,0,,,set(),0,9,0,0,0,34,55,0,2
http://218.28.89.146:9610/cas/login?service=http%3A%2F%2F218.28.89.146%3A9610%2Fcas%2Foauth2.0%2FcallbackAuthorize%3Fclient_id%3D10000%26redirect_uri%3Dhttps%253A%252F%252F218.28.89.146%252F%26response_type%3Dcode%26client_name%3DCasOAuthClient,0,http,244,75,41,3,0,1,0,1,10112,2305,{'com'},0,0,0,2,1,3,7,0,0
https://15.235.203.122/,0,https,23,11,7,3,0,1,0,0,,,set(),0,,,,,,,,
http://223.13.92.29:64719/.i,1,http,28,14,9,3,0,1,0,0,,,set(),0,,,,,,,,
http://45.178.249.82:10976/Mozi.m,1,http,33,15,9,3,0,1,0,1,3366,1382,set(),0,,,,,,,,
https://www.cardiovascular.abbott/jp/ja/hcp/products/cardiac-rhythm-management/pacemakers/assurity-mri-pacemaker/product-specifications.html,0,https,140,0,19,2,0,0,1,1,2415,141,{'net'},1,62,4,4,6,17,29,1,3
https://jimdo-storage.global.ssl.fastly.net/file/88f4d9aa-8f15-41f0-b40c-8dd8494e2b41/b3e685fd-5478-43ce-9410-de1f9e9d4e0e.pdf,1,https,126,39,20,4,1,0,3,1,5106,737,{'NET'},1,,,,,,,,
https://open.coki.ac/institution/00b4mz884/,0,https,43,6,8,2,0,0,1,1,1190,270,{'com'},1,50,1,0,3,21,29,0,1
https://www.ca.abbott/en/media-center/news/tiny-device-leads-to-big-improvements.html,0,https,85,0,16,2,0,0,1,1,3366,286,{'net'},1,79,5,1,4,18,64,0,6
http://113.229.125.36:37488/bin.sh,1,http,34,16,9,3,0,1,0,0,,,set(),0,,,,,,,,
http://134.122.113.141/36/gry-planszowe-jako-terapia-korzysci-dla-zdrowia-psychicznego.htm,0,http,90,14,16,3,0,1,0,0,,,set(),0,,,,,,,,
https://ctt.ac/wh2I7,0,https,20,2,5,1,0,0,0,1,2528,393,{'com'},1,0,0,0,0,5,283,0,1
https://techexperts.cyou/y.txt,1,https,30,0,6,1,0,0,0,1,81,283,{'COM'},0,,,,,,,,
http://115.48.161.31:59839/i,1,http,28,15,8,3,0,1,0,0,,,set(),0,,,,,,,,
http://200.133.218.36:8005/index_main.html,0,http,42,15,10,3,0,1,0,0,,,set(),0,19,1,1,1,8,57,0,1
http://209.38.61.111/robots.txt,0,http,31,10,8,3,0,1,0,0,,,set(),0,,,,,,,,
https://217.15.161.33/bokep-gadis-jilbab-hitam-dientot-pacarnya/,0,https,64,10,13,3,0,1,0,1,2959,327,{'NET'},0,96,11,3,4,73,85,1,10
http://14.225.211.163/main_arm5,1,http,31,12,8,3,0,1,0,0,,,set(),0,,,,,,,,
http://ank.ac/ilan/kizilay-escort-sila,0,http,38,0,8,1,0,0,0,1,229,135,{'com'},1,,,,,,,,
http://2.56.10.87/director/lee-jae-sang/,0,http,40,7,11,3,0,1,0,0,,,set(),0,134,13,1,6,13,35,0,5
https://esgroupnet.com/iVomuphXHFnFQYVNpXSwex207.bin,1,https,52,3,6,1,0,0,0,1,46,318,{'COM'},0,,,,,,,,
https://globalpointofcare.eifu.abbott/hr/errors.html,0,https,52,0,8,2,0,0,1,1,1954,237,{'com'},1,108,4,0,5,12,6,0,2
https://pub-6c72ff8278934f2895f21413f6d49880.r2.dev/pro_protected.exe,1,https,69,26,9,2,1,0,1,1,961,134,{'com'},1,0,0,0,0,0,0,0,0
http://ssfsy-homepage.larrinca.com:8080/g,1,http,41,4,8,2,1,0,1,1,324,40,{'COM'},1,,,,,,,,
http://43.135.136.230/louisvuitton/cuanto-cuesta-una-bolsa-louis-vuitton-original.html,0,http,86,11,15,3,0,1,0,0,,,set(),0,,,,,,,,
https://careers.abb/czech/cs/job/94563470/Global-Segment-Specialist,0,https,67,8,11,1,0,0,0,1,2558,363,"{'uk', 'org', 'com', 'net'}",1,,,,,,,,
http://103.192.179.32/linux_arm5,1,http,32,12,8,3,0,1,0,0,,,set(),0,,,,,,,,
http://103.84.91.60/?domain=www.wmcyl.cn,0,http,40,9,11,3,0,1,0,0,,,set(),0,,,,,,,,
https://www.cavendish.ac/how-to-determine-your-elearning-course-duration/elearning-course-duration/,0,https,99,0,16,2,0,0,1,1,611,119,{'com'},1,94,4,3,7,28,51,2,9
http://42.178.98.170:40706/bin.sh,1,http,33,15,9,3,0,1,0,0,,,set(),0,,,,,,,,
https://217.15.161.33/abg-sma-bersetubuh-dengan-paman/,0,https,54,10,12,3,0,1,0,1,2959,327,{'NET'},0,,,,,,,,
https://check.gunh.shop/gkcxv.google,1,https,36,0,7,2,0,0,1,0,,,set(),0,,,,,,,,
http://27.147.155.142:7070/ords/f?p=1001:1:3798521480393:::::,0,http,61,33,18,3,0,1,0,1,9109,2212,{'NET'},0,0,0,1,7,7,26,0,3
http://178.128.126.201/category/live-draw-sgp/,0,http,46,12,11,3,0,1,0,0,,,set(),0,,,,,,,,
http://186.250.33.6:7474/transparencia/contratosFornecedor,0,http,58,13,9,3,0,1,0,0,,,set(),0,164,6,1,7,6,23,0,0
http://182.113.196.193:48620/i,1,http,30,17,8,3,0,1,0,0,,,set(),0,,,,,,,,
http://59.92.176.232:53811/i,1,http,28,15,8,3,0,1,0,1,8047,353,{'in'},0,,,,,,,,
http://217.219.174.237/robots.txt,0,http,33,12,8,3,0,1,0,0,,,set(),0,,,,,,,,
http://157.245.62.105/tag/pengeluaran-hk-6d/,0,http,44,12,11,3,0,1,0,0,,,set(),0,80,28,1,5,62,75,1,11
http://61.3.23.158:48174/Mozi.m,1,http,31,13,9,3,0,1,0,0,,,set(),0,,,,,,,,
http://186.2.175.5/serie/stream/wonderful-precure,0,http,49,8,10,3,0,1,0,1,5090,1119,"{'NET', 'net'}",0,302,66,0,5,79,84,0,4
http://119.179.73.60:42763/i,1,http,28,15,8,3,0,1,0,0,,,set(),0,,,,,,,,
http://117.206.30.134:37595/bin.sh,1,http,34,16,9,3,0,1,0,0,,,set(),0,,,,,,,,
http://58.59.153.39:48500/bin.sh,1,http,32,14,9,3,0,1,0,0,,,set(),0,,,,,,,,
http://thesultancashncarry.com:8080/arm4,1,http,40,5,6,1,0,0,0,1,345,19,{'COM'},0,,,,,,,,
http://196.189.198.173:41058/Mozi.m,1,http,35,17,9,3,0,1,0,0,,,set(),0,,,,,,,,
http://59.184.255.25:49902/i,1,http,28,15,8,3,0,1,0,1,7713,322,{'in'},0,,,,,,,,
http://125.212.225.248/api/mps/mps_redirect_cliphai.aspx?DATA=OR0lK/dErpztJIyroDodAm/xFbyduXrBy6fnsFtNYpYvBGDRFdx41lnkrASfQ+wgmp+hjw3gO3HImYejeU5/y9sx1Ym0PHICusRIctmhjdctJV//lwKZxzCtNsEPJaTLH8W0VX2xONTrdpfr3MqL7dcy7a6UegE54bf7kh1fFt+ub9eiFjfT8zx0JzwhuYqv97nTAOrlSzab23Q/9AyUIy3pjHoQ+Ym7NMJe6N/zyCgLokE6nM0Ap//UJ4cVaGs7+vFu23ihoXfHt76EU43KB/pOP6mRL/3YRixLiQ9fWSqpdwOOz2d9jIWXQiqPWEPvx7q2GW4NuNsIrpB7gFdyDamXxYXxOrtiKg/DGfVq5EJX2BJ8DLmx/R1elA0lXUV9uuwhRjqsWdjt1rovbwiHGxzX2loQmCRdXudemKKI58yzUTSOpjo//7RRQyc6APyUowGUzXZRz0Pgbq86NJWQrXhZ9qSkyOQ1BHyURKZtpi0GsG6HyabCOUDuWiQoVUi6Lf+FA+zCX30YHRuZPUw2iRsyF8PtfgnRfutt5xoCVtptgcyduyk/z4Vg12H1F4tRrjyVZNF7r7h+Uc+3oJIpEOAQCVTyaWdAmoKoBp++Lq9w3GpK4CmDSgj3Ni86jffyvu7zc1q2abUG5hqAoDyn4TCEn5ZwNPnorBEDQUUVaMA=&SIG=0gcG%2F2CRv8vW0Q0ytdOdj6a0Q1egq%2FlRf9NT9CzMABKQqZz1ahRjq5Kz9CykUJxpuRjZk8uDbhyG9DiOpRfJO8es4waf8sLOMd%2Bb4Ebqcf7SP9hsaHjVY6ta8RZuD%2FwDAZNqmH8Xwolzl7U4yZUiV76wiwFT9TmM0zShjsZunF7IKUvkfgAkI3%2FSu8PCR2AcqQl9uNKzDJoG0irOHGnwVpgKcKTix1W04HUx2zFbmMMyvRGyCz4ojGBC9xFRJF9qV9OfrlUSWe3WL04RA0Ht4IjaXEDkEk%2BsDUAVrvjmXu%2FfxWTv%2FdKR8VVwZo4k9v0MXL9Y67USsg73lQc01cgkosMrKa7sA%2BewyG%2B%2B8jflcQVucHnGv0zg2HmIUc5OZiwsMlivA06ANFXv8OACUohas%2FXMO2pSy2iF8h9iVOrd1bYkyKdppWvGgEcBbdfjm7Y6ppMHg67gv7x2r8vz79Ljx6IYJ02h1DabFy%2F7k1iWbexqGkugIVXWlACg2uZSBL7eFuwOBztklxx4J94EgtVWbYEPfQQUajlc6Z2WUSL3V7yG4niEy5vS9TSqcF0ph9fTL1lSFV3tAVsNjCPwx49H8SZji4vKwBW9RidhJ%2BX8BdHcFq8c5K90a0QYaZw4yVhkmIc6BeVRsVg64jrfZbE40Dcp1lpIivkFxwxXSouhj4A%3D,0,http,1465,246,59,3,0,1,0,0,,,set(),0,71,28,1,1,12,14,0,0
http://84.53.216.254:57572/Mozi.m,1,http,33,15,9,3,0,1,0,0,,,set(),0,,,,,,,,
http://143.107.213.6:8090/areadocliente,0,http,39,14,8,3,0,1,0,0,,,set(),0,0,0,0,2,6,0,0,0
http://107.163.207.14:9577/?referer=www.providencesurgeons.com/?referer=alex-1/?referer=,0,http,88,16,19,3,0,1,0,0,,,set(),0,0,0,0,0,1,29,0,0
http://3.122.114.23/robots.txt,0,http,30,9,8,3,0,1,0,1,7176,644,"{'NET', 'COM', 'ORG', 'UK'}",0,0,0,0,0,0,0,0,0
http://59.94.113.65:42751/bin.sh,1,http,32,14,9,3,0,1,0,0,,,set(),0,,,,,,,,
http://94.240.240.229:50314/Mozi.m,1,http,34,16,9,3,0,1,0,0,,,set(),0,,,,,,,,
http://120.61.196.29:49975/Mozi.m,1,http,33,15,9,3,0,1,0,1,7713,322,{'in'},0,,,,,,,,
http://73.249.239.52/pictures/2003_10_jones/,0,http,44,16,11,3,0,1,0,1,10060,165,{'NET'},0,,,,,,,,
http://136.57.10.37/ChmodCalc.html,0,http,34,9,8,3,0,1,0,1,5537,306,{'COM'},0,22,0,1,2,4,16,0,1
https://jimdo-storage.global.ssl.fastly.net/file/fe5e8c3e-ff3d-4bff-b834-46e4b8b2ad10/65d6f452-9b65-473c-b468-0ea3ecc446ad.pdf,1,https,126,35,20,4,1,0,3,1,5106,737,{'NET'},1,,,,,,,,
http://www.aci.ac/shownews.php?id=1145,0,http,38,4,9,2,0,0,1,0,,,set(),1,62,10,0,15,8,11,0,0
http://117.235.146.156:33989/i,1,http,30,17,8,3,0,1,0,0,,,set(),0,,,,,,,,
http://119.179.252.77:53508/bin.sh,1,http,34,16,9,3,0,1,0,0,,,set(),0,,,,,,,,
http://147.185.221.25:27143/bashlet,1,http,35,16,8,3,0,1,0,0,,,set(),0,,,,,,,,
https://143.198.220.119/maecenas-ultricies-treatise-on-the-theory/,0,https,66,12,13,3,0,1,0,0,,,set(),0,,,,,,,,
http://115.55.137.123:37060/Mozi.m,1,http,34,16,9,3,0,1,0,0,,,set(),0,,,,,,,,
https://128.199.154.104/robots.txt,0,https,34,12,8,3,0,1,0,0,,,set(),0,,,,,,,,
https://173.249.40.52/hemet-or-the-landlady-donaet-drink-tea-2024/,0,https,66,14,15,3,0,1,0,1,2959,327,{'NET'},0,,,,,,,,
http://24.144.66.250/,0,http,21,10,7,3,0,1,0,0,,,set(),0,182,31,0,3,20,53,0,4
https://de.cyberschool.ac/problem-ejecting-usb-mass-storage-device-this-device-is-currently-use,0,https,95,0,16,2,0,0,1,0,,,set(),1,22,7,1,8,17,97,0,3
https://bins.freesite.host/bins/sh4,1,https,35,1,7,2,0,0,1,0,,,set(),0,,,,,,,,
http://125.44.41.231:34445/bin.sh,1,http,33,15,9,3,0,1,0,0,,,set(),0,,,,,,,,
http://46.203.233.54/bot.mpsl,1,http,29,10,8,3,0,1,0,0,,,set(),0,,,,,,,,
http://14.225.211.163/main_arm6,1,http,31,12,8,3,0,1,0,0,,,set(),0,,,,,,,,
http://59.184.255.83:47123/Mozi.m,1,http,33,15,9,3,0,1,0,1,7713,322,{'in'},0,,,,,,,,
http://117.213.244.165:42378/bin.sh,1,http,35,17,9,3,0,1,0,0,,,set(),0,,,,,,,,
http://82.165.22.157/index.php?title=Mitgliederversammlung_2017&action=edit,0,http,75,14,13,3,0,1,0,0,,,set(),0,26,1,1,1,5,69,0,3
https://188.166.206.136/new88-thuong-nap-dau/,0,https,45,14,11,3,0,1,0,0,,,set(),0,85,28,1,3,41,58,2,17
http://119.180.93.121:40328/bin.sh,1,http,34,16,9,3,0,1,0,0,,,set(),0,,,,,,,,
http://117.194.124.2:34237/i,1,http,28,15,8,3,0,1,0,0,,,set(),0,,,,,,,,
https://anibugs.ac/info-notice/?q=YToyOntzOjEyOiJrZXl3b3JkX3R5cGUiO3M6MzoiYWxsIjtzOjQ6InBhZ2UiO2k6Mjt9&page=9,0,https,109,12,11,1,0,0,0,0,,,set(),1,,,,,,,,
http://crystalc2.duckdns.org/bot.arm7,1,http,37,2,7,2,0,0,1,0,,,set(),1,,,,,,,,
http://payber.store:8080/fils/out.exe,1,http,37,4,8,1,0,0,0,1,65,299,{'COM'},0,,,,,,,,
http://42.230.41.75:53949/bin.sh,1,http,32,14,9,3,0,1,0,0,,,set(),0,,,,,,,,
https://chvk-redan999.com/LGfj37BIGYP9jMtc.html,1,https,47,6,7,1,1,0,0,1,22,342,{'COM'},1,,,,,,,,
http://193.149.189.221:401/new2.zip,1,http,35,16,9,3,0,1,0,0,,,set(),0,,,,,,,,
http://120.61.21.29:33962/bin.sh,1,http,32,14,9,3,0,1,0,1,7713,322,{'in'},0,,,,,,,,
http://222.141.82.13:53196/bin.sh,1,http,33,15,9,3,0,1,0,0,,,set(),0,,,,,,,,
http://eoufaoeuhoauengi.su/npp.exe,1,http,34,0,6,1,0,0,0,1,270,94,{'com'},1,,,,,,,,
http://91.239.53.29/d925e943a21dd486/softokn3.dll?,1,http,50,21,10,3,0,1,0,1,3684,698,{'COM'},0,,,,,,,,
http://107.163.207.21:9637/?referer=theophany.islandexposuresfloridakeys.com/?referer=panda-11/?referer=,0,http,104,17,19,3,0,1,0,0,,,set(),0,0,0,0,0,1,29,0,0
http://182.126.194.9:40282/i,1,http,28,15,8,3,0,1,0,0,,,set(),0,,,,,,,,
http://152.42.166.30/category/prediksi-sgp-sabtu/,0,http,49,10,11,3,0,1,0,1,4845,2094,"{'NET', 'COM', 'ORG', 'UK'}",0,,,,,,,,
https://open.coki.ac/institution/0401b3q74/,0,https,43,7,8,2,0,0,1,0,,,set(),1,55,1,0,3,21,39,0,1
http://60.251.158.109/portion-tech.com/www/twosc_portion-tech/index.php?sorting=products_date_added&cPath=23&,0,http,109,13,22,3,0,1,0,1,11346,1073,"{'NET', 'TW'}",0,,,,,,,,
http://217.145.72.123/hiddenbin/boatnet.arm5,1,http,44,12,9,3,0,1,0,0,,,set(),0,,,,,,,,
http://211.64.127.172:8089/query/achievement2Query.html,0,http,55,16,10,3,0,1,0,0,,,set(),0,,,,,,,,
http://111.53.97.21:4480/Equipment/Show/e6267ac9-6bb5-42d0-ac96-a16c26b72496?XPath=000,0,http,86,37,16,3,0,1,0,0,,,set(),0,34,9,1,18,1,18,0,11
http://93.107.35.189:280/robots.txt,0,http,35,13,9,3,0,1,0,0,,,set(),0,0,0,0,0,0,0,0,0
https://154.82.109.133/robots.txt,0,https,33,11,8,3,0,1,0,0,,,set(),0,,,,,,,,
https://dl.dropboxusercontent.com/scl/fi/4qoef01jqan8sczprj79o/1OFICIO-DE-NOTIFICACI-N-EJECTR-NICA-CENDO-RAMA-JUDICIAL-DE-LA-REP-BLICA-DE-COLOMBIA.tar.cab.tar.001?rlkey=8px38d88qrq4ssw54132v5ke2&st=gg5nhz4s&dl=0,1,https,211,26,33,2,0,0,1,1,4836,277,"{'NET', 'COM', 'ORG', 'UK'}",1,,,,,,,,
https://web.mhehelp.top/bin/support.client.exe??i=&e=Support&y=Guest&r=,1,https,71,0,18,2,0,0,1,1,41,323,{'com'},1,,,,,,,,
http://124.131.43.176:55778/i,1,http,29,16,8,3,0,1,0,0,,,set(),0,,,,,,,,
http://115.50.221.93:42091/bin.sh,1,http,33,15,9,3,0,1,0,0,,,set(),0,,,,,,,,
https://www.freestyle.abbott/be-nl/simplified-checkout/order-summary.html,0,https,73,0,12,2,0,0,1,1,3233,53,{'net'},1,60,5,5,10,17,27,1,3
https://217.15.161.33/bokep-model-majalah-puasin-nafsu-fotografer-di-hotel/,0,https,75,10,15,3,0,1,0,1,2959,327,{'NET'},0,,,,,,,,
https://zettagc.com/up/,1,https,23,0,6,1,0,0,0,1,3337,315,{'COM'},1,,,,,,,,
http://45.125.66.139/arm7,1,http,25,11,7,3,0,1,0,0,,,set(),0,,,,,,,,
http://zcjs888.cfd/main_arm7,1,http,28,4,6,1,0,0,0,1,96,268,{'COM'},0,,,,,,,,
http://141.98.11.184:8080/z/z.sh,1,http,32,14,10,3,0,1,0,1,5383,95,{'NET'},0,,,,,,,,
http://129.226.134.241:1994/by/?channelCode=js5,0,http,47,17,11,3,0,1,0,0,,,set(),0,,,,,,,,
http://117.209.20.144:42812/bin.sh,1,http,34,16,9,3,0,1,0,0,,,set(),0,,,,,,,,
http://45.200.149.186/hiddenbin/boatnet.arm6,1,http,44,12,9,3,0,1,0,0,,,set(),0,,,,,,,,
http://142.250.189.153/url?q=https://batmanapollo.ru,0,http,52,12,13,3,0,1,0,1,5677,166,{'COM'},0,,,,,,,,
https://140.210.18.43:19865/robots.txt,0,https,38,15,9,3,0,1,0,0,,,set(),0,,,,,,,,
https://careers.abb/czech/cs/job/94823367/R-D-Sensor-Specialist,0,https,63,8,12,1,0,0,0,0,,,set(),1,198,12,0,44,25,73,1,10
http://103.192.179.32/linux_arm6,1,http,32,12,8,3,0,1,0,0,,,set(),0,,,,,,,,
http://223.8.214.55:50018/i,1,http,27,14,8,3,0,1,0,0,,,set(),0,,,,,,,,
http://69.79.227.78/es/License/Json,0,http,35,9,9,3,0,1,0,0,,,set(),0,0,0,0,0,0,0,0,0
http://113.117.13.170:21666/i,1,http,29,16,8,3,0,1,0,0,,,set(),0,,,,,,,,
https://www.family.abbott/id-id/ensure/tools-and-resources/tips-on-how-to-live-strong/fitness/recognizing-the-importance-of-maintaining-muscle-strength-after-the-age-of-40.html,0,https,176,2,31,2,0,0,1,1,1101,359,{'net'},1,67,13,3,4,20,54,1,5
http://68.183.142.74/robots.txt,0,http,31,10,8,3,0,1,0,0,,,set(),0,,,,,,,,
http://115.57.162.222:54938/Mozi.m,1,http,34,16,9,3,0,1,0,0,,,set(),0,,,,,,,,
http://171.38.217.105:40479/bin.sh,1,http,34,16,9,3,0,1,0,0,,,set(),0,,,,,,,,
http://60.22.148.209:43238/bin.sh,1,http,33,15,9,3,0,1,0,0,,,set(),0,,,,,,,,
https://91.84.102.9/year/2020,0,https,29,12,8,3,0,1,0,1,468,262,{'COM'},0,,,,,,,,
http://insocgencmouts.duckdns.org/bins/arm7,1,http,43,1,7,2,0,0,1,0,,,set(),1,,,,,,,,
http://117.254.103.70:60110/i,1,http,29,16,8,3,0,1,0,0,,,set(),0,,,,,,,,
http://45.13.119.38/vv/mipsel,1,http,29,9,8,3,0,1,0,0,,,{'com'},0,,,,,,,,
http://117.253.71.57:42978/i,1,http,28,15,8,3,0,1,0,0,,,set(),0,,,,,,,,
http://202.166.199.210/uc/elibrary/pages/home.php,0,http,49,12,11,3,0,1,0,0,,,set(),0,,,,,,,,
http://115.55.89.8:43420/i,1,http,26,13,8,3,0,1,0,0,,,set(),0,,,,,,,,
http://207.180.253.15/in-water-2023/,0,http,36,15,10,3,0,1,0,1,2959,327,{'NET'},0,,,,,,,,
http://47.100.124.195:8000/dh/138242955_470109.html#index8?d=ye4.xyz,0,http,68,32,15,3,0,1,0,0,,,set(),0,,,,,,,,
http://187.60.222.226:8090/system/backoffice/doc_concursos/arquivos/000/000/102/original/113-2019_-_Edital_Resultado_Estagi%C3%A1rios_da_Sa%C3%BAde.pdf?1575290562,0,http,162,44,31,3,0,1,0,1,8563,567,set(),0,0,0,0,0,0,0,0,0
http://185.113.223.63/boatnet.arm6,1,http,34,12,8,3,0,1,0,0,,,set(),0,,,,,,,,
http://SERVICESSSL.LINKPC.NET/main_x86,1,http,38,2,7,2,0,0,1,1,5994,214,{'COM'},1,,,,,,,,
http://59.182.107.91:37463/i,1,http,28,15,8,3,0,1,0,0,,,set(),0,,,,,,,,
http://143.198.88.21/tomantoto/'https:/nr.tomanku.id/',0,http,54,10,15,3,0,1,0,0,,,set(),0,,,,,,,,
http://119.187.251.124:36281/i,1,http,30,17,8,3,0,1,0,0,,,set(),0,,,,,,,,
http://104.248.155.103/Binarys/Owari.sh4,1,http,40,13,9,3,0,1,0,0,,,set(),0,,,,,,,,
https://atom.ac/books/10678/?utm_source=orbi&utm_medium=pc&utm_campaign=recent-book,0,https,83,5,17,1,0,0,0,0,,,set(),1,45,7,32,4,23,39,2,12
http://66.63.187.225/bins/a4s2fXgAK1cgUoz5n8wDOBjULKwesq45Q6,1,http,60,18,8,3,0,1,0,0,,,set(),0,,,,,,,,
http://108.167.177.149/~villafioritamare/contact/,0,http,49,12,10,3,0,1,0,0,,,set(),0,,,,,,,,
https://u1.saunatriceps.shop/7f9qm3yqby.mp3,1,https,43,5,7,2,0,0,1,0,,,set(),0,,,,,,,,
http://117.196.165.160:53763/bin.sh,1,http,35,17,9,3,0,1,0,0,,,set(),0,,,,,,,,
https://167.71.15.112/latihan-dan-fitness/,0,https,42,10,10,3,0,1,0,0,,,set(),0,,,,,,,,
http://117.253.110.214:41975/bin.sh,1,http,35,17,9,3,0,1,0,0,,,set(),0,,,,,,,,
https://165.227.238.162/robots.txt,0,https,34,12,8,3,0,1,0,0,,,set(),0,,,,,,,,
http://72.29.46.195:48817/bin.sh,1,http,32,14,9,3,0,1,0,1,9961,264,{'NET'},0,,,,,,,,
https://143.198.208.89/,0,https,23,11,7,3,0,1,0,0,,,set(),0,116,85,2,11,27,49,1,7
http://150.254.179.40/cgi-bin/expertus.cgi?KAT=%2Fhome%2Fusers%2Fsplendor%2Fpub%2Fpar%2F&FST=data.fst&FDT=data.fdt&ekran=ISO&lnkmsk=2&cond=AND&mask=2&F_00=09&V_00=Skin+-+pathology+,0,http,180,25,42,3,0,1,0,0,,,set(),0,304,1,4,1,1,19,0,0
https://aniwatch.ac/watch/cardfight-vanguard-divinez-season-2-eti,0,https,65,1,11,1,0,0,0,0,,,set(),1,169,48,5,5,16,87,2,2
http://27.215.67.33:57853/bin.sh,1,http,32,14,9,3,0,1,0,0,,,set(),0,,,,,,,,
https://github.com/sdifru877234/ilu123g5/raw/main/svchost.exe,1,https,61,10,10,1,0,0,0,1,6393,546,"{'NET', 'COM', 'ORG', 'UK'}",1,,,,,,,,
https://u1.wannabeclobber.shop/eai4zcjndl.mp3,1,https,45,3,7,2,0,0,1,0,,,set(),0,,,,,,,,
https://62.138.7.184/robots.txt,0,https,31,9,8,3,0,1,0,0,,,set(),0,,,,,,,,
http://103.115.196.50:54339/Mozi.m,1,http,34,16,9,3,0,1,0,1,437,293,{'net'},0,,,,,,,,
http://196.251.86.49/k03ldc.arm,1,http,31,12,8,3,0,1,0,0,,,set(),0,0,0,0,0,0,0,0,0
https://hhbs.hhu.edu.cn/_upload/article/files/90/f4/62d98f264ab0abc4a1f14a32607a/089c9dc1-8248-47b5-b35d-310cd70469b4.doc,1,https,121,43,19,3,0,0,2,0,,,set(),1,0,0,0,0,0,0,0,0
http://117.211.146.89:60805/bin.sh,1,http,34,16,9,3,0,1,0,0,,,set(),0,,,,,,,,
https://acctc.acs.ac/rss2?topicID=54963&siteID=2583,0,https,51,10,10,2,0,0,1,0,,,set(),1,,,,,,,,
http://114.219.240.159:46396/Mozi.m,1,http,35,17,9,3,0,1,0,0,,,set(),0,,,,,,,,
https://152.42.221.153,0,https,22,11,6,3,0,1,0,0,,,set(),0,13,17,0,1,33,70,0,0
https://213.154.81.100/robots.txt,0,https,33,11,8,3,0,1,0,0,,,set(),0,,,,,,,,
http://134.122.113.141/2024/04,0,http,30,18,8,3,0,1,0,0,,,set(),0,,,,,,,,
http://42.239.148.74:42178/bin.sh,1,http,33,15,9,3,0,1,0,0,,,set(),0,,,,,,,,
https://167.99.29.189/link-vao-sfv388com/,0,https,41,13,10,3,0,1,0,0,,,set(),0,62,39,0,3,30,58,3,8
https://217.15.161.33/bokep-terbaru-ngewe-sama-ayang-montok-posisi-wot/,0,https,71,10,15,3,0,1,0,1,2959,327,{'NET'},0,,,,,,,,
http://42.224.144.160:49525/bin.sh,1,http,34,16,9,3,0,1,0,0,,,set(),0,,,,,,,,
http://14stirling.dyndns.org:8082//sshd,1,http,39,6,8,2,0,0,1,0,,,set(),1,,,,,,,,
http://ffn.theeyefirewall.su/krfk64,1,http,35,2,6,2,0,0,1,1,140,224,{'com'},0,,,,,,,,
https://129.153.11.152/,0,https,23,11,7,3,0,1,0,0,,,set(),0,,,,,,,,
http://94.44.146.31:8080/sshd,1,http,29,13,8,3,0,1,0,0,,,set(),0,,,,,,,,
http://188.165.216.209/robots.txt,0,http,33,12,8,3,0,1,0,1,5481,362,{'NET'},0,,,,,,,,
https://91.208.184.212/episodes/dead-boy-detectives-1x6/,0,https,56,13,12,3,0,1,0,1,2445,111,{'COM'},0,67,21,2,6,32,72,0,9
http://117.232.4.177:60225/i,1,http,28,15,8,3,0,1,0,0,,,set(),0,,,,,,,,
http://221.202.180.169:52131/i,1,http,30,17,8,3,0,1,0,0,,,set(),0,,,,,,,,
http://42.224.0.76:43609/bin.sh,1,http,31,13,9,3,0,1,0,0,,,set(),0,,,,,,,,
http://14.248.85.235/robots.txt,0,http,31,10,8,3,0,1,0,0,,,set(),0,,,,,,,,
https://128.199.235.197/?type=slot+gacor+terpercaya,0,https,51,12,11,3,0,1,0,0,,,set(),0,,,,,,,,
http://44.201.183.199/,0,http,22,11,7,3,0,1,0,1,7176,644,"{'NET', 'COM', 'ORG', 'UK'}",0,,,,,,,,
https://159.223.47.206/tag/contest/,0,https,35,11,9,3,0,1,0,0,,,set(),0,,,,,,,,
https://178.128.213.27/robots.txt,0,https,33,11,8,3,0,1,0,0,,,set(),0,,,,,,,,
http://117.206.15.229:43885/bin.sh,1,http,34,16,9,3,0,1,0,0,,,set(),0,,,,,,,,
http://174.71.237.86:1110/sshd,1,http,30,14,8,3,0,1,0,1,10986,337,{'NET'},0,0,0,0,0,0,0,0,0
https://34.101.202.67/slots?sg=hs,0,https,33,10,9,3,0,1,0,1,5988,220,{'COM'},0,133,92,1,4,11,78,0,6
https://101.50.2.124/robots.txt,0,https,31,9,8,3,0,1,0,1,6478,461,{'COM'},0,,,,,,,,
http://ariana.ac/robots.txt,0,http,27,0,6,1,0,0,0,0,,,set(),1,0,0,0,0,0,0,0,0
https://fn7134.sachelokipotle.icu/bin/support.client.exe?i=&e=Support&y=Guest&r=,1,https,80,4,17,2,0,0,1,1,233,131,{'COM'},0,,,,,,,,
http://107.163.207.242:9754/robots.txt,0,http,38,16,9,3,0,1,0,0,,,set(),0,,,,,,,,
http://36.49.65.2:36291/bin.sh,1,http,30,12,9,3,0,1,0,0,,,set(),0,,,,,,,,
http://107.163.207.50:9858/robots.txt,0,http,37,15,9,3,0,1,0,0,,,set(),0,,,,,,,,
http://117.209.15.189:42720/i,1,http,29,16,8,3,0,1,0,0,,,set(),0,,,,,,,,
https://u1.glorysmell.shop/b0oam9pxhm.mp3,1,https,41,4,7,2,0,0,1,0,,,set(),0,,,,,,,,
http://117.209.94.155:55200/Mozi.m,1,http,34,16,9,3,0,1,0,0,,,set(),0,,,,,,,,
http://185.215.113.209/inc/S%D0%B5tup.exe,1,http,41,14,11,3,0,1,0,0,,,set(),0,0,0,0,0,0,0,0,0
https://139.99.55.81/syair-sgp-vip-minggu-31-maret-2024/,0,https,56,15,14,3,0,1,0,1,3131,155,{'CA'},0,67,100,1,1,26,51,1,4
https://open.coki.ac/institution/03k6zcv51/,0,https,43,5,8,2,0,0,1,0,,,set(),1,55,1,0,3,21,30,0,1
http://172.105.249.169:9000/notes/1538515552647,0,http,47,29,9,3,0,1,0,1,8111,654,{'NET'},0,14,1,0,2,3,26,0,0
http://85.95.173.28/main_ppc,1,http,28,9,8,3,0,1,0,1,9221,295,{'ru'},0,0,0,0,0,0,0,0,0
http://37.255.202.86:45457/i,1,http,28,15,8,3,0,1,0,0,,,set(),0,,,,,,,,
https://saitama.able/d-0000004170000000001436490003/,0,https,52,28,7,1,0,0,0,0,,,set(),1,86,25,2,2,13,22,2,1
https://www.pediasure.abbott/br/por-que-pediasure/perguntas-frequentes.html,0,https,75,0,12,2,0,0,1,0,,,set(),1,80,9,4,4,14,20,1,4
http://188.166.239.171/sunday/?pg=39,0,http,36,14,10,3,0,1,0,0,,,set(),0,26,6,1,6,8,49,0,10
http://79.172.249.180/Upload/Documents/SIRIUS_IC10A___001___English_03_2018_.pdf,0,http,80,22,20,3,0,1,0,0,,,set(),0,1,0,0,0,0,0,0,0
https://aniwatch.ac/detail/doraemon-movie-10-nobita-and-the-birth-of-japan-2b9,0,https,78,4,15,1,0,0,0,0,,,set(),1,202,55,5,5,16,97,2,2
http://185.200.44.200/proxy.php?link=https://seoflx.net/g,0,http,57,11,15,3,0,1,0,0,,,{'eu'},0,,,,,,,,
https://cando.ac/about/,0,https,23,0,6,1,0,0,0,0,,,set(),1,156,29,2,44,25,34,1,8
http://deutsclhllandtlclket-de.spongebobcoinsol.com:8080/nshkppc,1,http,64,4,8,2,1,0,1,1,379,350,{'COM'},1,,,,,,,,
http://107.163.207.49:9969/robots.txt,0,http,37,15,9,3,0,1,0,0,,,set(),0,,,,,,,,
http://192.192.52.97/robots.txt,0,http,31,10,8,3,0,1,0,0,,,set(),0,,,,,,,,
http://andrewcotton.com:8080/z.sh,1,http,33,4,7,1,0,0,0,1,6620,319,"{'COM', 'com'}",1,,,,,,,,
http://76.14.162.178/CablecastPublicSite/show/8737?site=1,0,http,57,15,11,3,0,1,0,1,8114,651,{'NET'},0,6,5,1,4,17,28,0,1
https://146.190.28.71/robots.txt,0,https,32,10,8,3,0,1,0,1,3552,100,{'NET'},0,0,0,0,0,0,0,0,0
http://107.163.207.49:9276/?referer=0.fjqdt.org/?referer=zhizhuchi-3/?referer=,0,http,78,17,19,3,0,1,0,0,,,set(),0,,,,,,,,
https://54.151.247.172/universitas-sukses-maksimal-ulasan/,0,https,58,11,11,3,0,1,0,1,7176,644,"{'NET', 'COM', 'ORG', 'UK'}",0,,,,,,,,
http://115.50.103.162:58817/bin.sh,1,http,34,16,9,3,0,1,0,0,,,set(),0,,,,,,,,
https://github.com/duyanh2017/KeyAuth-ImGui-Example-Protected/releases/download/v2.0/Software.zip,1,https,97,6,15,1,0,0,0,1,6393,546,"{'NET', 'COM', 'ORG', 'UK'}",1,,,,,,,,
https://open.coki.ac/institution/0253bfw77/,0,https,43,6,8,2,0,0,1,0,,,set(),1,50,1,0,3,21,50,0,1
https://15.235.220.201:808/?content=sabung&provider=ws,0,https,54,14,12,3,0,1,0,1,1302,158,{'CA'},0,,,,,,,,
http://112.242.229.191:47476/i,1,http,30,17,8,3,0,1,0,0,,,set(),0,,,,,,,,
http://59.182.75.221:60707/bin.sh,1,http,33,15,9,3,0,1,0,0,,,set(),0,,,,,,,,
http://113.26.169.241:45493/bin.sh,1,http,34,16,9,3,0,1,0,0,,,set(),0,,,,,,,,
https://www.cardiovascular.abbott/us/en/hcp/products/peripheral-intervention/amplatzer-family-vascular-plugs/avp-ii/avp-ii-deployment.html,0,https,138,0,21,2,0,0,1,0,,,set(),1,98,21,4,6,14,57,1,7
http://221.15.87.201:40476/bin.sh,1,http,33,15,9,3,0,1,0,0,,,set(),0,,,,,,,,
http://161.53.174.14/obavijesti/upute-za-kupnju-vaucera-za-zetone-praonice-rublja-u-studentskim-naseljima-stjepan-radic-i-cvjetno-naselje,0,http,137,10,23,3,0,1,0,0,,,set(),0,,,,,,,,
http://125.44.40.39:45087/bin.sh,1,http,32,14,9,3,0,1,0,0,,,set(),0,,,,,,,,
http://146.6.100.192/api.php?action=https://upperandro.com,0,http,58,10,14,3,0,1,0,1,14486,475,set(),0,4,0,0,1,5,35,0,2
http://173.234.28.237/.Sm68k,1,http,28,13,8,3,0,1,0,0,,,set(),0,0,0,0,0,0,0,0,0
https://github.com/Nam-Black/MoneyAndBitch/blob/main/bot2.exe,1,https,61,1,11,1,0,0,0,1,6393,546,"{'NET', 'COM', 'ORG', 'UK'}",1,,,,,,,,
http://111.170.172.113:35455/itv/1000000005000265008.m3u8?cdn=ystenlive,0,http,71,38,12,3,0,1,0,0,,,set(),0,,,,,,,,
https://www.medicines.abbott/,0,https,29,0,6,2,0,0,1,0,,,set(),1,26,21,4,18,17,43,0,5
http://raw2.intenseapi.com/Aqua.arm7,1,http,36,2,7,2,0,0,1,1,194,170,{'COM'},0,,,,,,,,
http://103.134.89.57:8080/erp/,0,http,30,14,9,3,0,1,0,0,,,set(),0,,,,,,,,
http://117.242.201.104:40186/bin.sh,1,http,35,17,9,3,0,1,0,0,,,set(),0,,,,,,,,
http://106.41.47.26:45767/Mozi.m,1,http,32,14,9,3,0,1,0,0,,,set(),0,,,,,,,,
http://117.209.91.96:57223/i,1,http,28,15,8,3,0,1,0,0,,,set(),0,,,,,,,,
http://87.127.149.145/trade/login.aspx?return=/michel-design-works/default.aspx,0,http,79,11,16,3,0,1,0,1,9898,327,"{'NET', 'COM', 'ORG', 'UK'}",0,217,25,1,3,16,0,0,3
http://117.209.93.171:40888/bin.sh,1,http,34,16,9,3,0,1,0,0,,,set(),0,,,,,,,,
http://117.221.172.126:50286/i,1,http,30,17,8,3,0,1,0,0,,,set(),0,,,,,,,,
http://175.146.200.181:51441/i,1,http,30,17,8,3,0,1,0,0,,,set(),0,,,,,,,,
http://217.156.66.140,0,http,21,11,6,3,0,1,0,0,,,set(),0,3,1,0,0,6,85,0,0
https://159.223.38.69/kyousei-zecchou-saseraretete-mo-maryoku-wa-nekosogi-shiboritorimasu-fate-kaleid-liner-prisma-illya-bahasa-indonesia/,0,https,138,10,22,3,0,1,0,0,,,set(),0,,,,,,,,
http://67.227.201.185/tennessee-attorney-case-results/,0,http,54,11,11,3,0,1,0,1,3199,87,{'COM'},0,,,,,,,,
http://102.33.109.112:36863/Mozi.m,1,http,34,16,9,3,0,1,0,0,,,set(),0,,,,,,,,
http://59.97.253.105:44391/bin.sh,1,http,33,15,9,3,0,1,0,0,,,set(),0,,,,,,,,
http://117.199.149.85:48500/bin.sh,1,http,34,16,9,3,0,1,0,0,,,set(),0,,,,,,,,
http://128.199.23.244/category/senin-sgp/,0,http,41,11,10,3,0,1,0,0,,,set(),0,,,,,,,,
http://61.176.8.194:39327/i,1,http,27,14,8,3,0,1,0,0,,,set(),0,,,,,,,,
http://110.182.73.42:33018/bin.sh,1,http,33,15,9,3,0,1,0,0,,,set(),0,,,,,,,,
https://hu.codes.ac/coupons/bershka/,0,https,36,0,8,2,0,0,1,0,,,set(),1,81,43,5,13,30,53,0,10
http://120.61.68.97:50907/Mozi.m,1,http,32,14,9,3,0,1,0,1,7713,322,{'in'},0,,,,,,,,
http://128.199.105.198/prediksi-macau-27-januari-2025-mbah-semar/,0,http,65,18,14,3,0,1,0,0,,,set(),0,,,,,,,,
http://94.237.26.81/category/miami/,0,http,35,9,9,3,0,1,0,1,2579,342,{'COM'},0,,,,,,,,
http://117.209.44.137:33089/i,1,http,29,16,8,3,0,1,0,0,,,set(),0,,,,,,,,
http://223.15.52.52:59247/bin.sh,1,http,32,14,9,3,0,1,0,0,,,set(),0,,,,,,,,
http://45.125.66.136:18080/sb,1,http,29,15,8,3,0,1,0,1,166,199,{'COM'},0,,,,,,,,
http://66.49.205.37/0/akins%20station%20royalty/3/troy5321drew6432paige7543christopher8654akins%2027.html,0,http,105,35,14,3,0,1,0,0,,,set(),0,0,0,0,0,1,13,0,0
http://120.28.221.31:33592/bin.sh,1,http,33,15,9,3,0,1,0,0,,,set(),0,,,,,,,,
http://159.65.151.37/tag/ngeflix21/,0,http,35,12,9,3,0,1,0,0,,,set(),0,,,,,,,,
http://117.220.75.247:50555/i,1,http,29,16,8,3,0,1,0,0,,,set(),0,,,,,,,,
https://152.42.204.226/robots.txt,0,https,33,11,8,3,0,1,0,0,,,set(),0,,,,,,,,
http://125.44.191.62:46944/bin.sh,1,http,33,15,9,3,0,1,0,0,,,set(),0,,,,,,,,
https://github.com/Gushub11/ESET-KeyGen-2025/releases/download/v1.0.0/Application.zip,1,https,85,9,15,1,0,0,0,1,6393,546,"{'NET', 'COM', 'ORG', 'UK'}",1,,,,,,,,
https://45.12.134.167/referral/info,0,https,35,10,8,3,0,1,0,0,,,set(),0,32,72,1,0,9,26,2,2
http://166.62.32.19/urunler;jsessionid=BAA995967D7359101DE98EAF5167AF23?key=topraklama,0,http,86,30,11,3,0,1,0,1,9874,3126,{'NET'},0,286,23,0,7,4,14,0,0
https://pn3699.fukratoli.cyou/bin/support.client.exe?i=&e=Support&y=Guest&r=,1,https,76,4,17,2,0,0,1,1,279,85,{'COM'},0,,,,,,,,
http://123.5.175.212:38182/i,1,http,28,15,8,3,0,1,0,0,,,set(),0,,,,,,,,
http://5.134.254.142:60550/i,1,http,28,15,8,3,0,1,0,0,,,set(),0,,,,,,,,
http://5.189.134.33/dos-estaciones-2022/,0,http,40,13,10,3,0,1,0,1,4788,324,{'NET'},0,,,,,,,,
https://jimdo-storage.global.ssl.fastly.net/file/5873c16e-436e-449c-b710-5b7f358c3103/861fa459-f45d-4d01-8dd5-9b4104594d03.pdf,1,https,126,47,20,4,1,0,3,1,5106,737,{'NET'},1,,,,,,,,
https://146.190.84.89/cach-rut-tien/,0,https,36,10,10,3,0,1,0,0,,,set(),0,,,,,,,,
http://103.50.4.171:28917/i,1,http,27,14,8,3,0,1,0,0,,,set(),0,0,0,0,0,0,0,0,0
http://223.13.86.187:36644/i,1,http,28,15,8,3,0,1,0,0,,,set(),0,,,,,,,,
http://202.162.196.66/jibas/cbe/fonts/js/djarumtoto/robots.txt,0,http,62,11,13,3,0,1,0,1,9143,1604,{'id'},0,,,,,,,,
https://91.202.233.169/Tak/Reg/Marz/DRG/RTC/AB/f3.txt,1,https,53,12,14,3,0,1,0,0,,,set(),0,,,,,,,,
http://103.136.41.100/t2,1,http,24,12,7,3,0,1,0,0,,,set(),0,,,,,,,,
https://51.79.188.245/rut-tien-ww88/,0,https,36,12,10,3,0,1,0,1,2270,286,{'CA'},0,,,,,,,,
https://31.58.136.42:808/?content=sport,0,https,39,12,10,3,0,1,0,0,,,set(),0,94,73,3,6,20,65,0,11
https://github.com/BraaMohamed/coffee-chat-voice-assistant/releases/download/v2.0/Software.zip,1,https,94,2,15,1,0,0,0,1,6393,546,"{'NET', 'COM', 'ORG', 'UK'}",1,,,,,,,,
http://42.177.180.135:35290/bin.sh,1,http,34,16,9,3,0,1,0,0,,,set(),0,,,,,,,,
https://open.coki.ac/institution/05cqn9380/,0,https,43,6,8,2,0,0,1,0,,,set(),1,50,1,0,3,21,42,0,1
https://open.coki.ac/institution/005m60g68/,0,https,43,7,8,2,0,0,1,0,,,set(),1,55,1,0,3,21,59,0,1
http://219.157.27.116:36050/i,1,http,29,16,8,3,0,1,0,0,,,set(),0,,,,,,,,
http://23.176.184.108/mips,1,http,26,11,7,3,0,1,0,0,,,set(),0,,,,,,,,
https://www.freestyle.abbott/it-it/getting-started/costandcoverage/veneto.html,0,https,78,0,12,2,0,0,1,0,,,set(),1,325,17,11,9,18,33,1,3
http://116.203.217.101/r/tech,0,http,29,12,8,3,0,1,0,0,,,"{'de', 'com'}",0,0,1,0,0,0,4,0,0
http://187.108.199.135/apex/f?p=200:1:6266129301803:::::,0,http,56,29,17,3,0,1,0,1,4035,347,{'BR'},0,0,0,1,8,4,31,0,2
http://192.22.160.115:56367/Mozi.m,1,http,34,16,9,3,0,1,0,0,,,set(),0,,,,,,,,
http://45.32.41.3/download.php?link=books%2Ffdf908a47c0fc877e403ffc68f7125f1.pdf&book=%E5%A4%A7%E9%A6%AC%E9%9D%92%E5%B9%B4%E7%AC%AC%E4%B8%80%E6%9C%9F%E9%9B%BB%E5%AD%90%E5%88%8A,0,http,176,56,44,3,0,1,0,1,1127,698,{'COM'},0,,,,,,,,
https://p.djhelp.top/bin/support.client.exe?i=&e=Support&y=Guest&r=,1,https,67,0,17,2,0,0,1,1,131,233,{'com'},1,,,,,,,,
http://45.137.151.91/robots.txt,0,http,31,10,8,3,0,1,0,1,1197,2454,{'COM'},0,,,,,,,,
http://117.220.120.93:32986/Mozi.m,1,http,34,16,9,3,0,1,0,0,,,set(),0,,,,,,,,
http://200.14.250.72/IMG001.exe,1,http,31,13,8,3,0,1,0,1,,,{'de'},0,0,0,0,0,0,0,0,0
http://182.127.126.43:32971/bin.sh,1,http,34,16,9,3,0,1,0,0,,,set(),0,,,,,,,,
http://103.188.82.218:8080/arm6,1,http,31,16,8,3,0,1,0,0,,,set(),0,,,,,,,,
http://196.189.40.207:58258/bin.sh,1,http,34,16,9,3,0,1,0,0,,,set(),0,,,,,,,,
http://59.97.254.12:33851/bin.sh,1,http,32,14,9,3,0,1,0,0,,,set(),0,,,,,,,,
https://acme.ac/blogs/news/acme-masterclass,0,https,43,0,8,1,0,0,0,0,,,set(),1,18,2,4,6,20,23,0,22
http://75.177.40.169:38458/i,1,http,28,15,8,3,0,1,0,1,11216,105,{'COM'},0,1,0,0,0,0,0,2,2
http://188.166.217.12/forum/ucp.php/?mode=login&redirect=app.php%2Fhelp%2Ffaq&sid=e5580b9854d508fd0c62862dc969ee37,0,http,114,35,19,3,0,1,0,0,,,set(),0,,,,,,,,
http://124.128.27.138/cms/channel/3ywgg4fw/90028626.htm,0,http,55,21,11,3,0,1,0,0,,,set(),0,49,3,0,0,9,8,0,2
http://217.160.212.166/wp-content/uploads/2024/06/portrait_schack.pdf,0,http,69,18,14,3,0,1,0,0,,,set(),0,0,0,0,0,0,0,0,0
https://img1.wsimg.com/blobby/go/671d8571-de15-47bb-8cd8-b624751dbe0e/downloads/36655168913.pdf,1,https,95,32,15,2,0,0,1,1,6233,2761,{'NET'},1,0,0,0,0,0,0,0,0
https://wp25-c12701-2.btsndrc.ac/robots.txt,0,https,43,8,9,2,2,0,1,0,,,set(),1,0,0,0,0,0,0,0,0
http://165.232.87.138,0,http,21,11,6,3,0,1,0,0,,,set(),0,179,2,0,0,32,51,0,1
http://64.20.39.230/cgi-bin/r.cgi?u=https%3A%2F%2Ftreasure.craigslist.org%2Fcto%2Fd%2Fjensen-beach-2002-prowler-9600-miles%2F7821557357.html,0,http,140,34,27,3,0,1,0,1,7447,222,{'COM'},0,,,,,,,,
http://52.203.205.244/life-insurance/universal-life-insurance/,0,http,62,11,12,3,0,1,0,1,7176,644,"{'NET', 'COM', 'ORG', 'UK'}",0,61,6,2,5,14,44,1,5
http://202.213.157.239/r/page.php?GoPage=list&item%5B%5D=1190240759,0,http,67,24,15,3,0,1,0,0,,,{'jp'},0,0,25,0,1,1,61,0,0
http://45.164.177.127:10263/Mozi.m,1,http,34,16,9,3,0,1,0,0,,,set(),0,,,,,,,,
http://172.93.43.8/index.php?route=account/wishlist,0,http,51,8,11,3,0,1,0,1,4402,2902,{'COM'},0,59,6,3,12,3,13,0,1
http://test.magicm8.com/multi,1,http,29,1,6,2,0,0,1,1,249,115,{'COM'},1,,,,,,,,
http://84.238.240.74/Arhive/index29062024.html,0,http,46,18,9,3,0,1,0,0,,,set(),0,2,12,0,0,1,47,0,0
http://112.239.98.51:58729/Mozi.m,1,http,33,15,9,3,0,1,0,0,,,set(),0,,,,,,,,
http://27.215.54.141:39269/bin.sh,1,http,33,15,9,3,0,1,0,0,,,set(),0,,,,,,,,
http://117.193.169.175:60920/i,1,http,30,17,8,3,0,1,0,0,,,set(),0,,,,,,,,
https://bil.ac/lp-checkout-2/,0,https,29,1,8,1,0,0,0,0,,,set(),1,40,1,4,27,22,38,0,23
http://45.32.41.3/download.php?link=books%2F6e7018478ea76062fda84fc42f59e68a.pdf&book=%E6%83%9F%E6%B0%91%E5%85%B6%E5%BA%B7%EF%BC%9A%E5%BC%80%E6%BC%B3%E5%9C%A3%E7%8E%8B%E7%9A%84%E7%B2%BE%E7%A5%9E%E4%BC%A0%E6%89%BF%E4%B8%8E%E5%8E%86%E5%8F%B2%E5%BD%B1%E5%93%8D,0,http,257,85,71,3,0,1,0,1,1127,698,{'COM'},0,,,,,,,,
http://50.116.36.39/en/,0,http,23,9,8,3,0,1,0,1,1940,616,{'NET'},0,78,5,0,7,16,28,0,5
http://31.217.122.135:8082/sshd,1,http,31,15,8,3,0,1,0,0,,,set(),0,,,,,,,,
http://34.218.47.252/services/,0,http,30,10,8,3,0,1,0,1,7176,644,"{'NET', 'COM', 'ORG', 'UK'}",0,47,23,0,16,7,22,0,4
http://112.239.97.190:55181/i,1,http,29,16,8,3,0,1,0,0,,,set(),0,,,,,,,,
https://157.230.240.92/beli-furnitur/,0,https,37,11,9,3,0,1,0,0,,,set(),0,,,,,,,,
http://113.239.221.65:37442/i,1,http,29,16,8,3,0,1,0,0,,,set(),0,,,,,,,,
http://159.223.52.108/country/japan/,0,http,36,11,9,3,0,1,0,0,,,set(),0,,,,,,,,
http://1.70.138.148:38233/Mozi.m,1,http,32,14,9,3,0,1,0,0,,,set(),0,,,,,,,,
http://42.235.191.177:46208/i,1,http,29,16,8,3,0,1,0,0,,,set(),0,,,,,,,,
http://139.59.107.131/keluaran-togel-taiwan-hari-ini.html,0,http,57,11,12,3,0,1,0,0,,,set(),0,110,26,0,3,45,51,1,11
http://wraithbotnetapi.site/bins/sh4,1,http,36,1,6,1,0,0,0,1,45,,{'COM'},0,,,,,,,,
http://www.asfllnaq-de.com:8080/z.sh,1,http,36,4,9,2,1,0,1,1,129,235,{'COM'},0,,,,,,,,
https://open.coki.ac/institution/03nhq5b06/,0,https,43,5,8,2,0,0,1,0,,,set(),1,55,1,0,3,21,44,0,1
http://113.229.45.142:33726/bin.sh,1,http,34,16,9,3,0,1,0,0,,,set(),0,,,,,,,,
http://107.163.207.151:9931/?referer=urkehm.ydpfl.com/?referer=nb-7/?referer=,0,http,77,17,19,3,0,1,0,0,,,set(),0,0,0,0,0,1,29,0,0
https://open.coki.ac/institution/037t16559/,0,https,43,8,8,2,0,0,1,0,,,set(),1,50,1,0,3,21,33,0,1
http://143.244.179.107/index.php/nosotros/,0,http,42,12,10,3,0,1,0,0,,,set(),0,,,,,,,,
http://60.18.84.176:55637/i,1,http,27,14,8,3,0,1,0,0,,,set(),0,,,,,,,,
http://223.10.24.139:44725/i,1,http,28,15,8,3,0,1,0,0,,,set(),0,,,,,,,,
https://74.208.91.4/robots.txt,0,https,30,8,8,3,0,1,0,1,5895,313,{'COM'},0,,,,,,,,
http://222.246.41.232:43933/i,1,http,29,16,8,3,0,1,0,0,,,set(),0,,,,,,,,
http://67.223.118.203/?amp=1,0,http,28,12,9,3,0,1,0,1,1090,370,{'COM'},0,30,14,0,1,21,42,0,1
http://143.198.89.226/primebet88,0,http,32,13,7,3,0,1,0,0,,,set(),0,,,,,,,,
http://192.21.165.202:45659/Mozi.m,1,http,34,16,9,3,0,1,0,0,,,set(),0,,,,,,,,
https://139.99.55.81/tag/syair-sdy-opesia-hari-ini/,0,https,51,9,13,3,0,1,0,1,3131,155,{'CA'},0,51,24,0,1,15,111,1,4
https://github.com/HonkShefter/sundshefter/raw/refs/heads/main/Update.exe,1,https,73,0,12,1,0,0,0,1,6393,546,"{'NET', 'COM', 'ORG', 'UK'}",1,,,,,,,,
http://125.141.133.9:7001/bbs/board.php?bo_table=free&wr_id=1895045,0,http,67,21,16,3,0,1,0,0,,,set(),0,61,27,2,5,3,187,0,6
https://github.com/Artinplay123/Seed-Checker-by-Creqtor/releases/download/v1.0/Software.zip,1,https,91,5,15,1,0,0,0,1,6393,546,"{'NET', 'COM', 'ORG', 'UK'}",1,,,,,,,,
https://img1.wsimg.com/blobby/go/d37a9b24-bc42-4cb1-ab3b-3d1b21b01aec/downloads/tafanavevimewom.pdf,1,https,99,17,15,2,0,0,1,1,6233,2761,{'NET'},1,0,0,0,0,0,0,0,0
http://157.230.194.81/hiram-na-sandali/,0,http,39,11,10,3,0,1,0,0,,,set(),0,,,,,,,,
http://128.199.105.198/robots.txt,0,http,33,12,8,3,0,1,0,0,,,set(),0,,,,,,,,
https://9animes.ac/studio/studio-kafka,0,https,38,1,7,1,0,0,0,0,,,set(),0,,,,,,,,
http://161.248.54.26:59934/bin.sh,1,http,33,15,9,3,0,1,0,0,,,set(),0,,,,,,,,
http://120.61.12.88:45505/i,1,http,27,14,8,3,0,1,0,1,7713,322,{'in'},0,,,,,,,,
https://157.245.148.129/robots.txt,0,https,34,12,8,3,0,1,0,0,,,set(),0,0,0,0,0,0,0,0,0
https://qdwlj1225.top/a/168e/78.apk,1,https,35,9,8,1,0,0,0,1,111,253,"{'com', 'net'}",1,,,,,,,,
https://www.cdu.ac/2024/02/es-braucht-endlich-massnahmen-gegen-aggressive-bettelei/,0,https,83,6,15,2,0,0,1,0,,,set(),1,,,,,,,,
https://192.236.147.18:2929/,0,https,28,15,8,3,0,1,0,1,5082,1857,{'COM'},0,24,56,1,21,11,131,0,17
http://59.93.147.176:55429/i,1,http,28,15,8,3,0,1,0,0,,,set(),0,,,,,,,,
https://www.mediaoffice.abudhabi/ar/education/mohamed-bin-zayed-university-of-artificial-intelligence-opens-registration-for-6th-mbzuai-executive-program/,0,https,154,1,22,2,0,0,1,1,2259,1027,{'ae'},1,83,23,1,1,16,88,1,5
http://202.95.19.107,0,http,20,10,6,3,0,1,0,0,,,set(),0,0,0,1,1,2,17,0,0
http://172.105.249.169:9000/notes/1536941006701,0,http,47,29,9,3,0,1,0,1,8111,654,{'NET'},0,14,1,0,2,3,26,0,0
http://45.32.41.3/download.php?link=singapore-malaysia%2FSyed+Hussein+Alattas%2FRevolusi+Istana+Dan+Rakyat+%2528649%2529%2FRevolusi+Istana+Dan+Rakyat+-+Syed+Hussein+Alattas.pdf&book=Revolusi+Istana+Dan+Rakyat,0,http,208,21,36,3,0,1,0,1,1127,698,{'COM'},0,,,,,,,,
http://test.vantrong.id.vn/mpsl,1,http,31,0,7,3,0,0,2,0,,,set(),0,,,,,,,,
http://107.163.207.74:9509/?referer=thiagodavid.com/?referer=aidan-19/?referer=,0,http,79,17,18,3,0,1,0,0,,,set(),0,0,0,0,0,1,29,0,0
http://103.43.18.19:88/x64.bin,1,http,30,13,9,3,0,1,0,0,,,set(),0,,,,,,,,
http://117.216.153.234:36779/i,1,http,30,17,8,3,0,1,0,0,,,set(),0,,,,,,,,
https://67.205.154.152/robots.txt,0,https,33,11,8,3,0,1,0,0,,,set(),0,,,,,,,,
http://31.41.244.11/files/951752454/KoBSZqL.exe,1,http,47,18,10,3,0,1,0,0,,,set(),0,,,,,,,,
http://185.248.12.129:36063/bin.sh,1,http,34,16,9,3,0,1,0,1,3140,1241,{'com'},0,,,,,,,,
https://static.s123-cdn-static.com/uploads/4367648/normal_5fe3f361266a2.pdf,1,https,75,19,12,2,2,0,1,1,1789,36,"{'NET', 'COM', 'ORG', 'UK'}",1,,,,,,,,
http://206.189.87.62/robots.txt,0,http,31,10,8,3,0,1,0,0,,,set(),0,,,,,,,,
http://187.60.222.226:8090/system/backoffice/doc_concursos/arquivos/000/000/505/original/EDITAL-_Elei%C3%A7%C3%A3o_Conselho_Tutelar_word_%282%29.pdf?1680270858,0,http,159,43,31,3,0,1,0,1,8563,567,set(),0,0,0,0,0,0,0,0,0
https://ctt.ac/YiHSo,0,https,20,0,5,1,0,0,0,0,,,set(),1,0,0,0,0,5,75,0,1
http://test.magicm8.com:8080/test.sh,1,http,36,5,8,2,0,0,1,1,249,115,{'COM'},1,,,,,,,,
http://117.209.95.137:34751/i,1,http,29,16,8,3,0,1,0,0,,,set(),0,,,,,,,,
http://78.182.49.242:34373/bin.sh,1,http,33,15,9,3,0,1,0,1,6290,1013,{'tr'},0,,,,,,,,
http://182.117.50.166:54184/bin.sh,1,http,34,16,9,3,0,1,0,0,,,set(),0,,,,,,,,
http://192.169.236.33:8080/CrowdSource/GetRunt?url=NzQ4NDk4NzU4ODc3Nzg2OQ.json,0,http,78,20,12,3,0,1,0,1,9874,3126,{'NET'},0,0,0,0,0,0,0,0,0
https://careers.abb/benelux/nl/job/94641536/Electrification-Product-Marketing-Specialist-NEMA-Panelboard,0,https,104,8,14,1,0,0,0,0,,,set(),1,199,12,0,29,25,133,1,11
https://comprar.ensure.abbott/ar/glucerna-liquido/combo-glucerna-x-4-liquido-vainilla.html,0,https,90,1,15,2,0,0,1,0,,,set(),1,,,,,,,,
http://87.120.115.240/Downloads/gxwpg9xx0aawaeh-1024x683.jpeg.lnk,1,http,65,20,11,3,0,1,0,0,,,set(),0,,,,,,,,
https://raw.githubusercontent.com/makslalp123/rakdj213/master/XClient.exe,1,https,73,6,10,2,0,0,1,0,,,set(),1,,,,,,,,
http://115.58.119.215:59006/i,1,http,29,16,8,3,0,1,0,0,,,set(),0,,,,,,,,
https://174.138.19.111/hokiwings,0,https,32,11,7,3,0,1,0,1,2479,807,{'COM'},0,,,,,,,,
http://107.163.207.237:9210/?referer=bichromic.sdyr.net/?referer=zhizhuchi-3/?referer=,0,http,86,17,19,3,0,1,0,0,,,set(),0,0,0,0,0,1,29,0,0
http://202.169.234.7:58273/bin.sh,1,http,33,15,9,3,0,1,0,1,2045,512,{'id'},0,,,,,,,,
http://117.204.103.104:54016/bin.sh,1,http,35,17,9,3,0,1,0,0,,,set(),0,,,,,,,,
https://www.freestyle.abbott/qa-en/support/faq/question-answer.html?q=the-freestyle-libre-system-tab-question-16,0,https,112,2,20,2,0,0,1,0,,,set(),1,124,7,3,6,18,89,1,4
https://206.119.80.104:60008/register?openid=d9475162ea27100214e27d2cb3db1bb7&sign=30954501c66de30eeb78367e61773de9&inviteCode=283693,0,https,133,66,14,3,0,1,0,0,,,set(),0,0,0,0,0,14,0,0,1
http://121.236.23.120:38188/bin.sh,1,http,34,16,9,3,0,1,0,0,,,set(),0,,,,,,,,
http://42.179.231.137:54785/bin.sh,1,http,34,16,9,3,0,1,0,0,,,set(),0,,,,,,,,
http://91.206.178.120:5001/script_start?ip=85.94.163.251&os=Microsoft%20Windows%20NT%2010.0.19045.0&memory=3.99&random_number=76945,1,http,131,48,28,3,0,1,0,0,,,set(),0,,,,,,,,
http://208.76.223.60:8080/pdf/apis.ocx,1,http,38,14,10,3,0,1,0,1,1127,698,{'COM'},0,,,,,,,,
https://139.162.14.242/thu-thuat-ca-cuoc/page/2/,0,https,48,12,13,3,0,1,0,1,1940,616,{'NET'},0,96,36,1,11,29,38,0,6
https://128.199.100.23/cach-choi-ban-ca-an-xu-o-sieu-thi/,0,https,57,11,16,3,0,1,0,0,,,set(),0,,,,,,,,
http://185.138.68.19:63528/Mozi.m,1,http,33,15,9,3,0,1,0,1,7998,2226,{'cz'},0,0,0,0,0,0,0,0,0
https://git.ccc.ac/users/sign_in,0,https,32,0,8,2,0,0,1,0,,,set(),1,8,1,2,9,21,16,0,0
http://117.212.175.80:53384/i,1,http,29,16,8,3,0,1,0,1,8047,353,{'in'},0,,,,,,,,
https://erik-huey.disco.ac/robots.txt,0,https,37,0,8,2,1,0,1,0,,,set(),1,0,0,0,0,0,0,0,0
https://www.diabetes.ac/tag/estilo/,0,https,35,0,8,2,0,0,1,0,,,set(),1,105,19,1,34,22,29,0,8
https://github.com/wompwomp12321/JJsploit/releases/download/v2.0/Software.zip,1,https,77,7,12,1,0,0,0,1,6393,546,"{'NET', 'COM', 'ORG', 'UK'}",1,,,,,,,,
http://123.11.88.56:48955/i,1,http,27,14,8,3,0,1,0,0,,,set(),0,,,,,,,,
http://139.224.81.133:8000/dh/98704460_943618.html#index8?d=www.34xy.com&989.html,0,http,81,35,18,3,0,1,0,0,,,set(),0,,,,,,,,
http://114.228.71.167:60936/i,1,http,29,16,8,3,0,1,0,0,,,set(),0,,,,,,,,
https://casavegas.abogado/inmobiliaria/,0,https,39,0,6,1,0,0,0,1,2626,295,{'net'},1,,,,,,,,
http://83.224.144.7/sshd,1,http,24,9,7,3,0,1,0,0,,,set(),0,,,,,,,,
https://bamua.digitaluniversity.ac/students/results,0,https,51,0,7,2,0,0,1,0,,,set(),1,,,,,,,,
https://185.203.39.35:6446/robots.txt,0,https,37,14,9,3,0,1,0,0,,,set(),0,,,,,,,,
http://222.140.231.233:43670/bin.sh,1,http,35,17,9,3,0,1,0,0,,,set(),0,,,,,,,,
https://91.208.184.212/movies/moana-2-2024/,0,https,43,16,11,3,0,1,0,1,2445,111,{'COM'},0,96,35,3,6,54,57,0,9
https://149.56.163.78/residential-air-conditioning/residential-air-conditioning-repair,0,https,86,10,13,3,0,1,0,1,3375,277,{'CA'},0,,,,,,,,
http://103.208.104.243:37535/Mozi.m,1,http,35,17,9,3,0,1,0,1,6602,-28,{'in'},0,,,,,,,,
https://raw.githubusercontent.com/neari44/fash/main/22.exe,1,https,58,4,10,2,0,0,1,0,,,set(),1,,,,,,,,
http://202.95.10.76,0,http,19,9,6,3,0,1,0,0,,,set(),0,21,24,1,2,22,48,0,4
https://comprar.pediasure.abbott/ec/glucerna-chocolate-400g.html,0,https,64,3,10,2,0,0,1,0,,,set(),1,,,,,,,,
http://68.183.190.199/director/dmitriy-suvorov/,0,http,47,11,10,3,0,1,0,0,,,set(),0,80,3,2,3,12,31,0,3
http://157.245.200.182:8080/wget,1,http,32,16,8,3,0,1,0,0,,,set(),0,,,,,,,,
https://axia.ac/books/exam-score-test/p2-exam-kitadvanced-management-accounting-kaplan/,0,https,87,1,15,1,0,0,0,0,,,set(),1,,,,,,,,
https://burma.ac/about,0,https,22,0,5,1,0,0,0,0,,,set(),1,,,,,,,,
https://www.my.abbott/media-center/news/where-health-consumers-and-tech-meet.html,0,https,81,0,15,2,0,0,1,0,,,set(),1,78,4,1,4,17,65,0,2
http://123.173.85.5:48137/bin.sh,1,http,32,14,9,3,0,1,0,0,,,set(),0,,,,,,,,
http://professionalphotographyassociates.com/aaa,1,http,48,0,5,1,0,0,0,1,5290,188,{'COM'},1,,,,,,,,
http://45.152.250.15/~maisonmax/?p=363,0,http,38,13,11,3,0,1,0,1,3267,2576,{'COM'},0,,,,,,,,
http://217.112.42.66/404?_index=*list;sub=0000316,0,http,49,20,13,3,0,1,0,1,8978,153,{'ru'},0,,,,,,,,
http://www.biquge.ac/book/295/,0,http,30,3,8,2,0,0,1,0,,,set(),1,,,,,,,,
http://www.ajaa.ac/oze-festival/%E5%B0%BE%E7%80%AC%E3%83%89%E3%83%AA%E3%83%BC%E3%83%A0%E3%83%9D%E3%83%BC%E3%82%AF%E4%B8%BC/,0,http,123,32,39,2,0,0,1,0,,,set(),1,68,7,4,5,4,28,0,7
https://104.248.119.32/robots.txt,0,https,33,11,8,3,0,1,0,0,,,set(),0,,,,,,,,
http://www.ajaa.ac/2021/03/shinkanguide2021/2a89e37a55c5bb67833da36afe4c9b2b/,0,http,77,28,10,2,0,0,1,0,,,set(),1,70,7,4,5,4,50,0,7
http://apq-flnon-co.kristinaphillipson.com/c.sh,1,http,47,0,9,2,2,0,1,1,1772,53,{'COM'},1,,,,,,,,
"https://www.jobs.abbott/global/fr/job/31107090/$%7BgetUrl(linkEle,%20'category',%20category)%7D",0,https,95,14,21,2,0,0,1,0,,,set(),1,,,,,,,,
http://188.132.200.123:7818/user/pnr,0,http,36,16,9,3,0,1,0,1,1485,340,{'COM'},0,0,0,0,2,4,6,0,1
https://web.ishelp.top/bin/support.client.exe?i=&e=Support&y=Guest&r=,1,https,69,0,17,2,0,0,1,1,78,286,{'com'},1,0,0,0,0,0,0,0,0
http://113.180.218.214:8081/sshd,1,http,32,16,8,3,0,1,0,0,,,set(),0,,,,,,,,
http://125.211.8.23:35780/i,1,http,27,14,8,3,0,1,0,0,,,set(),0,,,,,,,,
http://27.203.156.27:54954/i,1,http,28,15,8,3,0,1,0,0,,,set(),0,,,,,,,,
https://anhgaixinh.ac/em-gai-tran-thanh-hoa-my-nhan-phan-2/,0,https,59,1,14,1,0,0,0,0,,,set(),1,112,100,1,1,24,38,0,5
http://112.239.100.76:38050/bin.sh,1,http,34,16,9,3,0,1,0,0,,,set(),0,,,,,,,,
https://open.coki.ac/institution/007bv1h22/,0,https,43,6,8,2,0,0,1,0,,,set(),1,50,1,0,3,21,28,0,1
https://www.cardiovascular.abbott/au/en.html,0,https,44,0,8,2,0,0,1,0,,,set(),1,29,4,1,6,15,41,1,3
http://182.119.141.5:44690/i,1,http,28,15,8,3,0,1,0,0,,,set(),0,,,,,,,,
http://91.228.198.123/contact/,0,http,30,11,8,3,0,1,0,0,,,set(),0,0,0,0,0,0,0,1,0
https://megawyd.com/launcher/launcher00.zip,1,https,43,2,7,1,0,0,0,1,156,208,{'COM'},1,,,,,,,,
http://113.232.67.57:60831/Mozi.m,1,http,33,15,9,3,0,1,0,0,,,set(),0,,,,,,,,
http://182.116.35.19:52247/i,1,http,28,15,8,3,0,1,0,0,,,set(),0,,,,,,,,
https://btc.ac/forum.php,0,https,24,0,6,1,0,0,0,0,,,set(),1,,,,,,,,
http://103.143.195.161:8234/i,1,http,29,16,8,3,0,1,0,0,,,set(),0,,,,,,,,
http://112.237.6.251:46376/bin.sh,1,http,33,15,9,3,0,1,0,0,,,set(),0,,,,,,,,
http://115.54.118.160:60160/Mozi.m,1,http,34,16,9,3,0,1,0,0,,,set(),0,,,,,,,,
http://117.244.70.189:46189/i,1,http,29,16,8,3,0,1,0,0,,,set(),0,,,,,,,,
http://59.88.228.41:52712/i,1,http,27,14,8,3,0,1,0,0,,,set(),0,,,,,,,,
http://204.76.203.70/zgrab2,1,http,27,11,7,3,0,1,0,0,,,set(),0,,,,,,,,
http://149.248.59.14/site/about,0,http,31,10,8,3,0,1,0,1,1127,698,{'COM'},0,,,,,,,,
http://61.0.215.191:35070/i,1,http,27,14,8,3,0,1,0,0,,,set(),0,,,,,,,,
https://californiapacificatory.ac/product/pth-1700-theology-pastoral-care/,0,https,74,4,11,1,0,0,0,0,,,set(),1,67,8,2,62,7,72,0,16
http://68.183.190.199/director/jose-javier-reyes/,0,http,49,11,11,3,0,1,0,0,,,set(),0,94,5,2,3,12,33,0,3
http://94.156.227.153/hidakibest.arm4,1,http,37,12,8,3,0,1,0,0,,,set(),0,,,,,,,,
http://195.161.114.145/2025/02/02/%e0%b8%ab%e0%b8%a7%e0%b8%a2%e0%b8%ad%e0%b8%ad%e0%b8%99%e0%b9%84%e0%b8%a5%e0%b8%99%e0%b9%8c-%e0%b8%a7%e0%b8%b4%e0%b8%98%e0%b8%b5%e0%b8%81%e0%b8%b2%e0%b8%a3%e0%b9%80%e0%b8%a5%e0%b9%88%e0%b8%99%e0%b9%81/,0,http,234,92,78,3,0,1,0,0,,,set(),0,375,11,1,50,6,54,0,17
https://217.15.161.33/viral-abg-remas-toket-bulat/,0,https,50,10,12,3,0,1,0,1,2959,327,{'NET'},0,,,,,,,,
https://www.mediaoffice.abudhabi/ar/sport/hosted-by-department-of-culture-and-tourism-abu-dhabi-and-national-basketball-association-nba-junior-europe-and-middle-east-finals-to-take-place-in-abu-dhabi/,0,https,200,0,34,2,0,0,1,1,2259,1027,{'ae'},1,86,23,1,1,16,163,1,5
https://139.99.86.92/cach-soi-cau-tai-xiu/,0,https,42,9,12,3,0,1,0,1,3131,155,{'CA'},0,191,20,0,24,22,60,1,10
https://159.223.128.169/?content=fish&provider=sg,0,https,49,12,11,3,0,1,0,0,,,set(),0,,,,,,,,
http://221.15.93.4:33787/i,1,http,26,13,8,3,0,1,0,0,,,set(),0,,,,,,,,
http://3.9.212.6/about/,0,http,23,6,8,3,0,1,0,1,7176,644,"{'NET', 'COM', 'ORG', 'UK'}",0,,,,,,,,
http://115.52.25.87:58928/i,1,http,27,14,8,3,0,1,0,0,,,set(),0,,,,,,,,
http://66.113.234.189/robots.txt,0,http,32,11,8,3,0,1,0,0,,,set(),0,,,,,,,,
http://113.23.153.200/cgi-bin/main.cgi?content=login&db=ww118,0,http,61,14,14,3,0,1,0,0,,,set(),0,0,3,1,0,1,33,0,1
http://117.254.59.115:40287/bin.sh,1,http,34,16,9,3,0,1,0,0,,,set(),0,,,,,,,,
http://103.21.220.132/promotion,0,http,31,11,7,3,0,1,0,1,6973,696,{'COM'},0,,,,,,,,
http://www.apec.ac/robots.txt,0,http,29,0,7,2,0,0,1,0,,,set(),1,0,0,0,0,0,0,0,0
https://211.43.148.12/?dl=$7tz1qv$CNY$2,0,https,39,13,12,3,0,1,0,0,,,set(),0,0,0,0,0,7,0,0,5
http://pogo-ea-helpdesk.com:8080/ipc,1,http,36,4,8,1,2,0,0,1,183,181,{'COM'},1,,,,,,,,
https://www.corelaboratory.abbott/int/ru/offerings/segments/cardiac/risk-stratification.html,0,https,92,0,13,2,0,0,1,0,,,set(),1,93,33,3,8,15,86,4,5
http://167.114.127.95/main_m68k,1,http,31,13,8,3,0,1,0,1,433,297,{'COM'},0,,,,,,,,
http://honeybooterz.cve-2021-36260.ru/vc,1,http,40,9,8,2,2,0,1,1,175,189,{'com'},0,,,,,,,,
http://185.215.113.16/inc/BandwidthMonitor.exe,1,http,46,11,9,3,0,1,0,0,,,set(),0,0,0,0,0,0,0,0,0
https://89.111.133.67:443/services/puskonaladochnye-raboty/,0,https,59,13,11,3,0,1,0,0,,,set(),0,,,,,,,,
http://119.115.64.85:42797/i,1,http,28,15,8,3,0,1,0,0,,,set(),0,,,,,,,,
http://45.119.114.148/robots.txt,0,http,32,11,8,3,0,1,0,1,3766,251,{'com'},0,,,,,,,,
http://103.197.113.108:38902/Mozi.m,1,http,35,17,9,3,0,1,0,0,,,set(),0,,,,,,,,
http://zzaque.com/nshkarm6,1,http,26,1,5,1,0,0,0,1,4279,468,{'COM'},1,,,,,,,,
https://www.mediaoffice.abudhabi/en/infrastructure/under-the-directives-of-the-uae-president-khaled-bin-mohamed-bin-zayed-inaugurates-expansion-of-alfalah-housing-project/,0,https,171,0,26,2,0,0,1,1,2259,1027,{'ae'},1,92,59,1,1,16,121,1,4
http://94.158.244.103/bins/sora.arm6,1,http,36,12,9,3,0,1,0,1,3685,332,{'COM'},0,,,,,,,,
http://117.220.77.19:48095/i,1,http,28,15,8,3,0,1,0,0,,,set(),0,,,,,,,,
https://217.15.164.239/country/uzbekistan/,0,https,42,11,9,3,0,1,0,1,4788,324,{'NET'},0,,,,,,,,
http://42.226.75.173:43721/i,1,http,28,15,8,3,0,1,0,0,,,set(),0,,,,,,,,
https://qatldhu48dpktktcc37.online/ZoomApp.exe,1,https,46,4,6,1,0,0,0,1,135,229,{'COM'},0,,,,,,,,
https://livemap-loads.com/login/,1,https,32,0,7,1,1,0,0,1,44,320,{'COM'},1,,,,,,,,
http://223.8.33.88:52230/i,1,http,26,13,8,3,0,1,0,0,,,set(),0,,,,,,,,
https://174.138.19.111/ini777/terlaris,0,https,38,14,8,3,0,1,0,1,2479,807,{'COM'},0,,,,,,,,
http://193.143.1.123:8080/fdgsfg,1,http,32,14,8,3,0,1,0,0,,,set(),0,,,,,,,,
http://222.93.217.147:60458/Mozi.m,1,http,34,16,9,3,0,1,0,0,,,set(),0,,,,,,,,
https://pro.freestyle.abbott/pl-pl/secure/my-account.html,0,https,57,0,11,2,0,0,1,0,,,set(),1,,,,,,,,
http://107.189.25.159/main_sh4,1,http,30,12,8,3,0,1,0,0,,,set(),0,,,,,,,,
http://157.20.228.4:39373/i,1,http,27,14,8,3,0,1,0,0,,,set(),0,,,,,,,,
http://148.251.194.160/?r=1&to=https://mediahubmarketings.weebly.com,0,http,68,13,16,3,0,1,0,0,,,"{'de', 'com'}",0,1,0,0,0,1,0,0,0
https://217.15.161.33/dikebun-pisang/,0,https,37,10,9,3,0,1,0,1,2959,327,{'NET'},0,98,11,3,4,75,58,1,9
http://139.59.25.248/category/senin-hongkong/,0,http,45,10,10,3,0,1,0,0,,,set(),0,0,2,0,0,7,21,0,0
http://54.39.233.82/venom.txt,1,http,29,9,8,3,0,1,0,1,2730,191,{'CA'},0,,,,,,,,
http://115.68.2.89/robots.txt,0,http,29,8,8,3,0,1,0,0,,,set(),0,0,1,0,0,0,0,0,0
http://3.105.118.126/robots.txt,0,http,31,10,8,3,0,1,0,1,7176,644,"{'NET', 'COM', 'ORG', 'UK'}",0,,,,,,,,
http://45.86.155.74/main_arm7,1,http,29,10,8,3,0,1,0,0,,,set(),0,,,,,,,,
https://159.223.47.220/,0,https,23,11,7,3,0,1,0,0,,,set(),0,,,,,,,,
http://117.198.168.107:38908/bin.sh,1,http,35,17,9,3,0,1,0,0,,,set(),0,,,,,,,,
https://www.freestyle.abbott/sa-ar/support/faq/question-answer.html?q=the-freestyle-libre-system-tab-question-52,0,https,112,2,20,2,0,0,1,0,,,set(),1,93,7,3,4,18,47,1,6
http://46.19.143.10/splmpsl,1,http,27,9,7,3,0,1,0,1,5457,2212,{'COM'},0,,,,,,,,
https://byteshift.cyou/g978cfybw2nhn45/w8g7b54ytf.zip,1,https,53,10,7,1,0,0,0,1,87,277,{'COM'},0,,,,,,,,
http://autoparts-online.uk:8080/docu/seokeywords.pdf.lnk,1,http,56,4,10,1,1,0,0,1,88,276,{'com'},0,,,,,,,,
http://1.62.16.31:46718/i,1,http,25,12,8,3,0,1,0,0,,,set(),0,,,,,,,,
http://182.127.178.94:52888/i,1,http,29,16,8,3,0,1,0,0,,,set(),0,,,,,,,,
http://39.90.161.68:51966/i,1,http,27,14,8,3,0,1,0,0,,,set(),0,,,,,,,,
http://59.97.182.39:55847/Mozi.m,1,http,32,14,9,3,0,1,0,0,,,set(),0,,,,,,,,
https://open.coki.ac/institution/02bjhj961/,0,https,43,5,8,2,0,0,1,0,,,set(),1,55,1,0,3,21,37,0,1
https://animehub.ac/watch/black-clover-tv-dub.14781?ep=158091,0,https,61,11,12,1,0,0,0,0,,,set(),1,583,38,4,6,21,59,2,2
http://103.199.180.255:60786/Mozi.m,1,http,35,17,9,3,0,1,0,0,,,set(),0,,,,,,,,
https://217.15.161.33/doggystyle-karyawan-hijab-saat-sepi/,0,https,58,10,12,3,0,1,0,1,2959,327,{'NET'},0,,,,,,,,
http://165.232.172.216/hasil-keluaran-togel-sgp.html,0,http,52,12,11,3,0,1,0,1,2308,248,{'COM'},0,106,20,0,3,6,39,0,2
http://59.99.92.163:37104/Mozi.m,1,http,32,14,9,3,0,1,0,0,,,set(),0,,,,,,,,
http://144.76.203.3/phpinfo.php?a%5B%5D=%3Ca+href=https://rret6uyt.weebly.com,0,http,77,13,20,3,0,1,0,0,,,"{'de', 'com'}",0,0,0,0,0,0,0,0,0
http://177.67.244.85:8080/issweb/home.jsf,0,http,41,14,10,3,0,1,0,1,6051,887,set(),0,29,3,1,15,6,29,0,3
http://80.82.64.206/user/88clbvnio,0,http,34,11,8,3,0,1,0,0,,,set(),0,93,3,3,1,2,48,0,2
http://117.205.61.58:59045/i,1,http,28,15,8,3,0,1,0,0,,,set(),0,,,,,,,,
http://159.223.79.128:888/Moba/moba.php,0,http,39,14,10,3,0,1,0,0,,,set(),0,,,,,,,,
http://146.190.195.158/robots.txt,0,http,33,12,8,3,0,1,0,0,,,set(),0,0,0,0,0,0,0,0,0
http://123.10.178.157:40163/i,1,http,29,16,8,3,0,1,0,0,,,set(),0,,,,,,,,
http://185.103.102.219/hidakibest.x86,1,http,37,14,8,3,0,1,0,0,,,set(),0,,,,,,,,
http://68.183.82.141/who-is-the-trespasser-2025/,0,http,48,14,12,3,0,1,0,0,,,set(),0,,,,,,,,
http://83.222.191.91:8080/oops/loki.i486,1,http,40,17,10,3,0,1,0,0,,,set(),0,,,,,,,,
http://123.14.249.162:60714/i,1,http,29,16,8,3,0,1,0,0,,,set(),0,,,,,,,,
https://99.83.130.210/robots.txt,0,https,32,10,8,3,0,1,0,0,,,set(),0,,,,,,,,
http://192.64.115.161/~core/selaluwd/,0,http,37,11,10,3,0,1,0,1,10434,156,{'COM'},0,,,,,,,,
http://aistho.vip/main_mips,1,http,27,0,6,1,0,0,0,1,182,182,"{'com', 'net'}",0,,,,,,,,
https://desahucio.abogado/producto/burofax-inquilino/,0,https,53,0,8,1,0,0,0,1,2173,383,{'com'},1,,,,,,,,
http://150.138.81.209:633/jxfml/,0,http,32,14,9,3,0,1,0,0,,,set(),0,,,,,,,,
https://178.128.102.76/baby-toddler-toys/,0,https,41,11,10,3,0,1,0,0,,,set(),0,,,,,,,,
http://2.56.10.87/year/2012/,0,http,28,11,9,3,0,1,0,0,,,set(),0,290,29,1,6,13,79,0,5
http://64.20.39.230/cgi-bin/r.cgi?u=https%3A%2F%2Fmiami.craigslist.org%2Fmdc%2Fcto%2Fd%2Fhialeah-toyota-land-cruiser-2002%2F7823754011.html,0,http,139,31,27,3,0,1,0,1,7447,222,{'COM'},0,,,,,,,,
http://222.140.159.56:60948/bin.sh,1,http,34,16,9,3,0,1,0,0,,,set(),0,,,,,,,,
http://142.250.70.141/url?q=https://batmanapollo.ru,0,http,51,11,13,3,0,1,0,1,5677,166,{'COM'},0,,,,,,,,
https://213.177.9.147/bolcsode,0,https,30,10,7,3,0,1,0,0,,,set(),0,,,,,,,,
http://115.60.250.184:42854/bin.sh,1,http,34,16,9,3,0,1,0,0,,,set(),0,,,,,,,,
http://45.95.169.133/hiddenbin/boatnet.arm6,1,http,43,11,9,3,0,1,0,0,,,set(),0,,,,,,,,
http://162.214.186.142:16444/robots.txt,0,http,39,17,9,3,0,1,0,1,4142,605,set(),0,,,,,,,,
http://192.100.68.248:48896/Mozi.m,1,http,34,16,9,3,0,1,0,0,,,set(),0,,,,,,,,
https://www.freestyle.abbott/qa-ar/support/faq/question-answer.html?q=freestyle-libre-2-tab-question-36,0,https,103,3,19,2,0,0,1,0,,,set(),1,123,7,3,4,18,73,1,6
https://creid.ac/blog/2020/04/29/basic-water-and-waste-services-for-marginalised-christian-communities-in-lahore-pakistan/,0,https,122,8,21,1,0,0,0,0,,,set(),1,,,,,,,,
http://kristinaphillipson.com/nshppc,1,http,36,0,5,1,0,0,0,1,1772,53,{'COM'},1,,,,,,,,
http://composefull.com/Downloads/Project%20Summary.pdf.lnk,1,http,58,2,9,1,0,0,0,1,364,0,{'COM'},0,,,,,,,,
http://172.233.174.87/robots.txt,0,http,32,11,8,3,0,1,0,1,1940,616,{'NET'},0,,,,,,,,
https://www.designlab.ac/consortium/newssummer-school-%2F-%E3%82%B5%E3%83%9E%E3%83%BC%E3%82%B9%E3%82%AF%E3%83%BC%E3%83%AB,0,https,121,25,32,2,0,0,1,0,,,set(),1,21,9,0,0,23,23,0,28
http://117.217.89.128:52395/Mozi.m,1,http,34,16,9,3,0,1,0,0,,,set(),0,,,,,,,,
http://42.86.167.78:50092/bin.sh,1,http,32,14,9,3,0,1,0,0,,,set(),0,,,,,,,,
http://182.124.144.100:51849/bin.sh,1,http,35,17,9,3,0,1,0,0,,,set(),0,,,,,,,,
http://157.245.62.105/data-pengeluaran-sydney-2021/comment-page-10/,0,http,67,17,14,3,0,1,0,0,,,set(),0,110,33,2,5,68,54,1,11
https://animeflv.ac/noticias/kishuku-gakkou-no-juliet-revela-nuevo-miembro-para-su-elenco/,0,https,90,0,16,1,0,0,0,0,,,set(),1,16,2,2,4,15,26,1,5
https://www.jobs.abbott/global/fr/job/31098741/Business-Excellence-Manager-BEX-Sr-Specialist,0,https,92,8,15,2,0,0,1,0,,,set(),1,7,10,0,35,25,101,1,47
http://87.120.115.240/Downloads/countertops20182-1.jpg.lnk,1,http,58,17,11,3,0,1,0,0,,,set(),0,,,,,,,,
https://159.223.153.197/robots.txt,0,https,34,12,8,3,0,1,0,0,,,set(),0,0,0,0,0,0,0,0,0
http://159.65.5.4/robots.txt,0,http,28,7,8,3,0,1,0,0,,,set(),0,,,,,,,,
https://ctt.ac/4o8Ty,0,https,20,2,5,1,0,0,0,0,,,set(),1,0,0,0,0,5,138,0,1
https://check.nevyz.icu/gkcxv.google,1,https,36,0,7,2,0,0,1,1,47,317,{'COM'},0,,,,,,,,
https://comprar.pediasure.abbott/ar/glucerna-pwd-400-gr-x3.html,0,https,63,4,12,2,0,0,1,0,,,set(),1,,,,,,,,
https://68.183.224.214/paito-warna-taiwan/,0,https,42,11,10,3,0,1,0,0,,,set(),0,,,,,,,,
http://117.209.90.150:32859/bin.sh,1,http,34,16,9,3,0,1,0,0,,,set(),0,,,,,,,,
http://bitbucket.org/fqwfwrqwe/werwfqwf/downloads/fnpAcfc.txt,1,http,61,0,9,1,0,0,0,1,10000,590,"{'uk', 'org', 'com', 'net'}",1,,,,,,,,
http://120.232.37.235/user/adminLogin,0,http,37,11,8,3,0,1,0,0,,,set(),0,3,2,0,17,2,6,0,2
https://31.58.136.42:808/?content=hasil&pid=RYL,0,https,47,12,12,3,0,1,0,0,,,set(),0,112,69,3,6,20,20,0,11
http://117.205.91.215:33979/i,1,http,29,16,8,3,0,1,0,0,,,set(),0,,,,,,,,
http://agpglss.com:8080/vc,1,http,26,4,6,1,0,0,0,1,310,54,{'COM'},0,,,,,,,,
http://ww25.bongdaplus.ac/nhan-dinh-soi-keo-man-united-vs-newcastle-03h15-ngay-02-11-2023/?subid1=20250216-1941-038d-8e8c-cf047a10b889,0,http,134,40,25,2,0,0,1,0,,,set(),1,,,,,,,,
https://canaisplay.ac/times/sportivo-ameliano,0,https,45,0,7,1,0,0,0,0,,,set(),1,741,126,1,5,20,69,1,3
https://3.33.146.175/id/slots/ygr-slot,0,https,38,9,10,3,0,1,0,0,,,set(),0,,,,,,,,
http://117.241.85.81:36830/i,1,http,28,15,8,3,0,1,0,0,,,set(),0,,,,,,,,
https://154.19.243.119:19702/robots.txt,0,https,39,16,9,3,0,1,0,0,,,set(),0,,,,,,,,
https://www.jobs.abbott/global/es/job/31108302/SR-SHIPPING-RECEIVING-TECHNICIAN,0,https,79,8,13,2,0,0,1,0,,,set(),1,6,10,0,5,25,110,1,50
http://117.211.208.168:41467/bin.sh,1,http,35,17,9,3,0,1,0,0,,,set(),0,,,,,,,,
https://www.jobs.abbott/global/es/job/31107894/Documentation-Control-Specialist,0,https,79,8,12,2,0,0,1,0,,,set(),1,,,,,,,,
http://110.183.17.31:43711/i,1,http,28,15,8,3,0,1,0,0,,,set(),0,,,,,,,,
http://87.120.115.240/Downloads/5-10.jpg.lnk,1,http,44,14,11,3,0,1,0,0,,,set(),0,,,,,,,,
http://110.182.122.248:39289/i,1,http,30,17,8,3,0,1,0,0,,,set(),0,,,,,,,,
http://185.105.91.123/hiddenbin/1.sh,1,http,36,12,9,3,0,1,0,1,30,334,{'ru'},0,,,,,,,,
http://159.223.79.128:888/luxtogel/whatsapplux.php,0,http,50,14,10,3,0,1,0,0,,,set(),0,,,,,,,,
https://bbt.ac/event/4478,0,https,25,4,6,1,0,0,0,0,,,set(),1,181,48,2,7,26,78,1,6
http://5.181.177.233/main_ppc,1,http,29,10,8,3,0,1,0,0,,,set(),0,,,,,,,,
http://123.4.252.164:58266/bin.sh,1,http,33,15,9,3,0,1,0,0,,,set(),0,,,,,,,,
http://200.150.202.205/,0,http,23,12,7,3,0,1,0,1,6828,111,{'COM'},0,,,,,,,,
https://www.freestyle.abbott/mx-es/blog/principales-cuidados-en-la-alteracion-de-niveles-de-glucosa.html,0,https,104,0,18,2,0,0,1,0,,,set(),1,48,18,3,7,23,59,1,4
https://www.cardiovascular.abbott/us/en/hcp/products/peripheral-intervention/guide-wires/workhorse/guideright-guidewire.html,0,https,124,0,17,2,0,0,1,0,,,set(),1,107,8,4,6,22,30,1,7
http://122.184.84.190:1011/robots.txt,0,http,37,15,9,3,0,1,0,0,,,set(),0,,,,,,,,
https://careers.abb/czech/cs/job/94404119/Senior-Field-Service-Engineer,0,https,71,8,12,1,0,0,0,0,,,set(),1,198,12,0,44,25,73,1,10
http://61.53.216.172:46233/i,1,http,28,15,8,3,0,1,0,0,,,set(),0,,,,,,,,
http://201.218.202.210/robots.txt,0,http,33,12,8,3,0,1,0,0,,,set(),0,,,,,,,,
http://5.89.242.147:12000/,0,http,26,14,8,3,0,1,0,1,6597,77,{'com'},0,1,8,1,1,3,12,0,0
http://175.165.141.202:50890/i,1,http,30,17,8,3,0,1,0,0,,,set(),0,,,,,,,,
http://54.37.199.83/the-united-states-of-horror-chapter-2-2022/,0,http,63,14,15,3,0,1,0,0,,,set(),0,,,,,,,,
http://spongebobcoinsol.com:8080/massload,1,http,41,4,6,1,0,0,0,1,379,350,{'COM'},1,,,,,,,,
http://89.47.84.183:58287/i,1,http,27,14,8,3,0,1,0,0,,,set(),0,,,,,,,,
http://61.7.209.116/HideChaotic/ub8ehJSePAfc9FYqZIT6.x86_64,1,http,59,16,10,3,0,1,0,1,2144,47,{'com'},0,,,,,,,,
http://107.178.104.95/buktiqq/,0,http,30,11,8,3,0,1,0,1,5620,3156,{'COM'},0,6,2,0,1,26,54,0,1
https://detect.ac/auth/,0,https,23,0,6,1,0,0,0,0,,,set(),1,10,0,1,3,2,14,0,1
https://157.230.194.178/x8-club/,0,https,32,13,9,3,0,1,0,0,,,set(),0,,,,,,,,
http://117.146.92.46:48949/bin.sh,1,http,33,15,9,3,0,1,0,0,,,set(),0,,,,,,,,
http://103.140.1.64/robots.txt,0,http,30,9,8,3,0,1,0,0,,,set(),0,,,,,,,,
https://63.35.105.82/tapahtumakalenteri/2024-07-28/?shortcode=9ddfb0dc,0,https,70,19,13,3,0,1,0,1,7176,644,"{'NET', 'COM', 'ORG', 'UK'}",0,,,,,,,,
http://deewpn.com/debug.dbg,1,http,27,0,6,1,0,0,0,1,317,47,{'COM'},1,,,,,,,,
http://125.40.44.159:53442/bin.sh,1,http,33,15,9,3,0,1,0,0,,,set(),0,,,,,,,,
http://223.12.189.190:43324/i,1,http,29,16,8,3,0,1,0,0,,,set(),0,,,,,,,,
https://54.151.247.172/tag/bincang/,0,https,35,11,9,3,0,1,0,1,7176,644,"{'NET', 'COM', 'ORG', 'UK'}",0,,,,,,,,
http://123.13.140.110:52580/i,1,http,29,16,8,3,0,1,0,0,,,set(),0,,,,,,,,
http://118.232.137.101:1733/i,1,http,29,16,8,3,0,1,0,1,6436,137,{'tw'},0,,,,,,,,
https://bitbucket.org/runtimesys/voovsettings/downloads/PDriver.exe,1,https,67,0,9,1,0,0,0,1,10000,590,"{'uk', 'org', 'com', 'net'}",1,,,,,,,,
http://87.120.115.240/Downloads/08-min.jpg.lnk,1,http,46,13,11,3,0,1,0,0,,,set(),0,,,,,,,,
http://182.117.89.92:35740/bin.sh,1,http,33,15,9,3,0,1,0,0,,,set(),0,,,,,,,,
https://159.223.51.126/robots.txt,0,https,33,11,8,3,0,1,0,0,,,set(),0,,,,,,,,
http://185.157.247.12/n,1,http,23,11,7,3,0,1,0,0,,,set(),0,,,,,,,,
http://223.13.37.237:39844/i,1,http,28,15,8,3,0,1,0,0,,,set(),0,,,,,,,,
https://www.cardiovascular.abbott/jp/ja/hcp/products/electrophysiology/ablation-technology.html,0,https,95,0,13,2,0,0,1,0,,,set(),1,62,4,4,6,17,29,1,3
https://79sodo.ac/rut-tien/,0,https,27,2,7,1,0,0,0,0,,,set(),1,,,,,,,,
http://223.198.85.157:44680/Mozi.m,1,http,34,16,9,3,0,1,0,0,,,set(),0,,,,,,,,
http://80.24.87.77:8057/sshd,1,http,28,12,8,3,0,1,0,1,8610,155,{'NET'},0,0,0,0,0,0,0,0,0
http://59.88.1.243:47675/bin.sh,1,http,31,13,9,3,0,1,0,0,,,set(),0,,,,,,,,
http://61.14.233.108/ppc,1,http,24,10,7,3,0,1,0,0,,,set(),0,,,,,,,,
https://www.iskan.abudhabi/Supplier-Registration,0,https,48,0,7,2,0,0,1,1,926,169,{'ae'},1,56,9,0,5,5,14,0,0
https://cuevanahd3.ac/ano/1970/,0,https,31,5,7,1,0,0,0,0,,,set(),1,,,,,,,,
http://173.68.77.108:63655/.i,1,http,29,15,9,3,0,1,0,1,9410,86,{'NET'},0,,,,,,,,
https://174.138.46.61/robots.txt,0,https,32,10,8,3,0,1,0,0,,,set(),0,0,0,0,0,0,0,0,0
http://117.209.16.105:58218/bin.sh,1,http,34,16,9,3,0,1,0,0,,,set(),0,,,,,,,,
http://77.39.19.233:39729/i,1,http,27,14,8,3,0,1,0,0,,,set(),0,,,,,,,,
https://34.176.181.182/?cat=40,0,https,30,13,9,3,0,1,0,1,5988,220,{'COM'},0,,,,,,,,
http://117.235.125.98:48110/bin.sh,1,http,34,16,9,3,0,1,0,0,,,set(),0,,,,,,,,
https://saitama.able/d-0000004110000000004980370010/,0,https,52,28,7,1,0,0,0,0,,,set(),1,85,13,2,2,13,21,2,1
http://193.143.1.123:8080/av.sh,1,http,31,14,9,3,0,1,0,0,,,set(),0,,,,,,,,
https://170.64.254.160/,0,https,23,11,7,3,0,1,0,0,,,set(),0,,,,,,,,
http://115.55.131.111:46216/i,1,http,29,16,8,3,0,1,0,0,,,set(),0,,,,,,,,
http://117.209.80.207:34662/bin.sh,1,http,34,16,9,3,0,1,0,0,,,set(),0,,,,,,,,
http://117.209.91.206:42862/bin.sh,1,http,34,16,9,3,0,1,0,0,,,set(),0,,,,,,,,
http://152.42.231.211/squid-game-making-season-2-episode-1/,0,http,59,13,14,3,0,1,0,0,,,set(),0,,,,,,,,
http://47.251.84.209:1234/projects/big-investment-project/,0,http,58,14,12,3,0,1,0,0,,,set(),0,,,,,,,,
http://195.64.235.142:55001/Mozi.m,1,http,34,16,9,3,0,1,0,0,,,set(),0,,,,,,,,
http://5.45.100.152/details.php?movieID=179438,0,http,46,15,10,3,0,1,0,1,6243,330,{'NET'},0,72,31,2,1,1,24,0,1
http://66.225.241.82/~handel/contacto/,0,http,38,10,10,3,0,1,0,1,6040,898,{'COM'},0,,,,,,,,
https://careers.abb/china/zh/job/93937837/Delivery-Capability-Manager-Marine-Ports,0,https,82,8,13,1,0,0,0,0,,,set(),1,,,,,,,,
https://meet-join.us/xbe/x7.vue,1,https,31,1,8,1,1,0,0,1,72,292,{'com'},0,,,,,,,,
http://175.165.84.129:38240/i,1,http,29,16,8,3,0,1,0,0,,,set(),0,,,,,,,,
http://42.224.197.209:35480/bin.sh,1,http,34,16,9,3,0,1,0,0,,,set(),0,,,,,,,,
https://ctt.ac/An9p4,0,https,20,2,5,1,0,0,0,0,,,set(),1,0,0,0,0,5,206,0,1
http://107.163.207.21:9901/?referer=overpositive.palmcoastm.com/?referer=nb-1/?referer=,0,http,87,16,19,3,0,1,0,0,,,set(),0,0,0,0,0,1,29,0,0
https://129.71.205.205/robots.txt,0,https,33,11,8,3,0,1,0,1,13528,110,set(),0,,,,,,,,
http://59.97.255.106:41489/Mozi.m,1,http,33,15,9,3,0,1,0,0,,,set(),0,,,,,,,,
http://117.235.118.225:36959/bin.sh,1,http,35,17,9,3,0,1,0,0,,,set(),0,,,,,,,,
https://empower.abudhabi/category/sustainable-solution/,0,https,55,0,8,1,0,0,0,1,676,54,{'com'},1,149,8,1,60,19,45,0,20
http://123.14.76.254:33833/bin.sh,1,http,33,15,9,3,0,1,0,0,,,set(),0,,,,,,,,
http://5.175.249.223/ohshit.sh,1,http,30,10,8,3,0,1,0,0,,,set(),0,,,,,,,,
https://128.199.92.202/prediksi-hk-bocoran-hk-angka-jitu-hk-tanggal-03-april-2024/,0,https,82,17,18,3,0,1,0,1,111,254,{'COM'},0,,,,,,,,
http://139.59.226.217/,0,http,22,11,7,3,0,1,0,0,,,set(),0,,,,,,,,
http://87.120.115.240/Downloads/pza4_cambiar-tama252525252525252525252525252525252525252525252525252525252525252525c3252525252525252525252525252525252525252525252525252525252525252525b1o-scaled.jpg.lnk,1,http,201,146,13,3,0,1,0,0,,,set(),0,,,,,,,,
http://208.66.88.53/webpages/heartland/dev/index.php?action=listingview&listingID=30,0,http,84,11,15,3,0,1,0,0,,,set(),0,,,,,,,,
http://mta179.insuretn.com/bins/buf,1,http,35,3,7,2,0,0,1,1,10461,494,{'COM'},1,,,,,,,,
http://91.221.19.123/nezavisimaya-oczenka-kachestva,0,http,51,10,9,3,0,1,0,0,,,set(),0,,,,,,,,
https://ateliercrescendo.ac/quizzes/questionnaire-for-lesson-012-on-porous-sound-absorbers/,0,https,91,3,14,1,0,0,0,0,,,set(),1,,,,,,,,
https://199.250.217.178/~notifycom/gamba/category/tecno/,0,https,56,12,12,3,0,1,0,0,,,set(),0,,,,,,,,
http://104.194.152.141/02.08.2022.exe,1,http,37,20,10,3,0,1,0,1,3402,615,{'COM'},0,,,,,,,,
https://217.15.164.239/country/puerto-rico/,0,https,43,11,10,3,0,1,0,1,4788,324,{'NET'},0,,,,,,,,
http://www.asfllnaq-de.com:8080/lll,1,http,35,4,8,2,1,0,1,1,129,235,{'COM'},0,,,,,,,,
http://45.125.66.125:8080/toto,1,http,30,14,8,3,0,1,0,0,,,set(),0,,,,,,,,
http://92.255.57.112/1/1.png,1,http,28,12,9,3,0,1,0,0,,,set(),0,,,,,,,,
http://117.215.59.243:42249/bin.sh,1,http,34,16,9,3,0,1,0,0,,,set(),0,,,,,,,,
http://becaconmougot.duckdns.org/EdiAf.arm,1,http,42,0,7,2,0,0,1,0,,,set(),1,,,,,,,,
http://ssfsy-homepage.larrinca.com:8080/nshppc,1,http,46,4,8,2,1,0,1,1,324,40,{'COM'},1,,,,,,,,
http://139.180.215.3/paito-warna-troyes/,0,http,40,10,10,3,0,1,0,1,1127,698,{'COM'},0,,,,,,,,
http://217.141.202.242/robots.txt,0,http,33,12,8,3,0,1,0,1,10665,292,{'it'},0,,,,,,,,
https://careers.abb/dach/de/job/94128508/Production-Supervisor,0,https,62,8,10,1,0,0,0,0,,,set(),1,,,,,,,,
https://ctt.ac/56qKs,0,https,20,2,5,1,0,0,0,0,,,set(),1,0,0,0,0,5,256,0,1
http://117.245.161.167:43274/i,1,http,30,17,8,3,0,1,0,0,,,set(),0,,,,,,,,
https://co.medicinespro.abbott/tipo-producto/bisintex/,0,https,54,0,9,2,0,0,1,0,,,set(),1,82,20,7,6,16,42,0,7
http://187.86.61.53:8097/robots.txt,0,http,35,13,9,3,0,1,0,1,3199,87,set(),0,,,,,,,,
http://103.43.6.118:7055/.i,1,http,27,13,9,3,0,1,0,0,,,set(),0,0,0,0,0,0,0,0,0
http://217.160.212.166/wp-content/uploads/2024/06/Hackl-SchorschimLernkanal-NW_Dipl.Trainer_2.pdf,0,http,97,19,18,3,0,1,0,0,,,set(),0,0,0,0,0,0,0,0,0
http://161.35.237.185/shop-perawatan-mobil/,0,http,43,11,10,3,0,1,0,0,,,set(),0,,,,,,,,
http://82.53.173.254/yakuza.arm4,1,http,32,11,8,3,0,1,0,1,10665,292,{'it'},0,,,,,,,,
http://185.224.0.236/am7.nn,1,http,27,11,8,3,0,1,0,0,,,set(),0,,,,,,,,
http://58.244.48.222:40165/bin.sh,1,http,33,15,9,3,0,1,0,1,10278,2637,{'cn'},0,,,,,,,,
http://175.112.170.177/js/config.json,1,http,37,12,9,3,0,1,0,0,,,set(),0,0,0,0,0,0,0,0,0
http://182.127.39.155:58292/bin.sh,1,http,34,16,9,3,0,1,0,0,,,set(),0,,,,,,,,
http://182.113.43.155:57703/i,1,http,29,16,8,3,0,1,0,0,,,set(),0,,,,,,,,
https://anhgaixinh.ac/karena-da-trang-dang-xinh-lung-linh-tu-dat-nuoc-nhat-ban/,0,https,79,0,17,1,0,0,0,0,,,set(),1,112,92,1,1,24,58,0,5
http://162.0.232.84/index.php?content=Keluaran&pasaran=hongkong,0,http,63,9,12,3,0,1,0,1,309,56,{'COM'},0,160,196,0,3,2,48,0,1
http://104.248.154.46/statistik-togel-connecticut-day/,0,http,54,11,11,3,0,1,0,0,,,set(),0,,,,,,,,
http://bisanest.com:8080/tplink,1,http,31,4,6,1,0,0,0,1,169,925,{'COM'},1,,,,,,,,
http://223.8.99.123:51200/i,1,http,27,14,8,3,0,1,0,0,,,set(),0,,,,,,,,
https://capslock.ac/blog/care-experience-cyber-education,0,https,56,0,9,1,0,0,0,0,,,set(),1,54,28,1,1,12,80,1,9
http://146.190.195.150/,0,http,23,12,7,3,0,1,0,0,,,set(),0,11,4,0,1,14,60,0,1
http://142.4.112.184/topic/8495.html,0,http,36,14,9,3,0,1,0,0,,,set(),0,,,,,,,,
http://185.224.0.236/mpsl.nn,1,http,28,10,8,3,0,1,0,0,,,set(),0,,,,,,,,
https://www.freestyle.abbott/content/dam/adc/freestyle/fi/documents/Digital%20FreeStyle%20Libre%20Brochure%20adhesion%20guide%20Finland_ADC-40901v4.0.pdf,0,https,153,19,22,2,0,0,1,0,,,set(),1,0,0,0,0,0,0,0,0
https://check.fyjig.icu/gkcxv.google,1,https,36,0,7,2,0,0,1,1,35,329,{'COM'},0,,,,,,,,
https://www.globalpointofcare.abbott/ww/en/lp/apoc/navigating-challenging-cases-mild-traumatic-brain-injury.html?id=1DD9F41B397444A58E95B8F069DD1B31&lang=en,0,https,156,21,21,2,0,0,1,0,,,set(),1,159,115,2,6,19,57,5,7
http://128.199.105.198/prediksi-sdy-25-januari-2025-mbah-semar/,0,http,63,18,14,3,0,1,0,0,,,set(),0,,,,,,,,
http://59.96.141.22:60793/bin.sh,1,http,32,14,9,3,0,1,0,0,,,set(),0,,,,,,,,
https://159.223.47.206/tag/john-stamos/,0,https,39,11,10,3,0,1,0,0,,,set(),0,,,,,,,,
https://178.210.79.116/reaktsiya/chitat-zhurnal/2011-2012-goda/kazaki-4-ot-2012-goda,0,https,84,24,17,3,0,1,0,1,7626,408,{'ru'},0,,,,,,,,
http://118.178.243.232/login/forgot_password.php,0,http,48,12,10,3,0,1,0,0,,,set(),0,15,1,1,2,3,5,0,5
http://164.132.128.37/012collpubtest.taf?CPA=1,0,http,46,15,10,3,0,1,0,0,,,{'net'},0,198,174,0,3,0,11,0,2
https://172.104.15.100/robots.txt,0,https,33,11,8,3,0,1,0,1,1940,616,{'NET'},0,,,,,,,,
http://115.63.240.14:60311/bin.sh,1,http,33,15,9,3,0,1,0,0,,,set(),0,,,,,,,,
https://www.cardiovascular.abbott/us/en/hcp/products/cardiac-rhythm-management/cardiac-resynchronization-therapy/quadra-allure/clinical-evidence.html,0,https,149,0,20,2,0,0,1,0,,,set(),1,89,4,4,6,14,41,1,7
https://213.190.4.28/gosipqq/,0,https,29,9,8,3,0,1,0,0,,,set(),0,9,0,0,0,34,53,0,2
http://213.240.143.86/scalemodels/extended_search.jsf,0,http,53,11,10,3,0,1,0,0,,,{'de'},0,12,5,5,3,15,33,0,1
https://aplus.ac/Childcare/Childcare01,0,https,38,2,6,1,0,0,0,0,,,set(),1,90,9,1,4,11,8,0,1
http://154.216.18.23/hiddenbin/boatnet.arm7,1,http,43,11,9,3,0,1,0,0,,,set(),0,,,,,,,,
http://140.131.77.78/robots.txt,0,http,31,10,8,3,0,1,0,0,,,set(),0,,,,,,,,
http://113.221.96.242:59233/i,1,http,29,16,8,3,0,1,0,0,,,set(),0,,,,,,,,
https://www.freestyle.abbott/jo-ar/support/faq/question-answer.html?q=the-freestyle-libre-system-tab-question-34,0,https,112,2,20,2,0,0,1,0,,,set(),1,100,7,3,4,18,123,1,6
https://bitbucket.org/5w457/ed512/downloads/emnfpac.txt,1,https,55,7,9,1,0,0,0,1,10000,590,"{'uk', 'org', 'com', 'net'}",1,,,,,,,,
http://146.19.24.68/spc,1,http,23,9,7,3,0,1,0,0,,,set(),0,,,,,,,,
http://117.208.38.179:51553/bin.sh,1,http,34,16,9,3,0,1,0,0,,,set(),0,,,,,,,,
http://154.12.233.183:85/Security/SignIn.aspx,0,http,45,13,10,3,0,1,0,1,2959,327,{'NET'},0,10,35,1,2,2,11,1,4
https://www.mediaoffice.abudhabi/en/health/home-screening-initiative-to-be-launched-in-various-residential-areas-across-abu-dhabi/,0,https,130,0,21,2,0,0,1,1,2259,1027,{'ae'},1,78,15,1,1,16,111,1,4
http://128.199.240.125/digitax/HTML/index-2.html,0,http,48,13,11,3,0,1,0,1,1744,81,{'COM'},0,69,34,3,9,5,4,0,0
http://107.167.35.74/gif,1,http,24,10,7,3,0,1,0,0,,,set(),0,,,,,,,,
http://146.190.195.158/,0,http,23,12,7,3,0,1,0,0,,,set(),0,44,26,0,0,5,28,1,3
http://43.135.136.230/louisvuitton/carteras-de-hombre-lv.html,0,http,61,11,12,3,0,1,0,0,,,set(),0,,,,,,,,
http://13.213.169.7/%E1%80%A1%E1%80%80%E1%80%BC%E1%80%B6%E1%80%95%E1%80%BC%E1%80%AF%E1%80%85%E1%80%AC/,0,http,102,44,35,3,0,1,0,1,7176,644,"{'NET', 'COM', 'ORG', 'UK'}",0,61,17,0,21,8,15,0,10
http://160.191.244.78/arm5,1,http,26,12,7,3,0,1,0,0,,,set(),0,,,,,,,,
http://223.8.222.140:46101/bin.sh,1,http,33,15,9,3,0,1,0,0,,,set(),0,,,,,,,,
http://117.221.51.27:44176/i,1,http,28,15,8,3,0,1,0,0,,,set(),0,,,,,,,,
https://146.190.103.191//2023/11/pj-walikota-salatiga-ingatkan.html,0,https,67,18,14,3,0,1,0,0,,,set(),0,,,,,,,,
http://142.250.176.9/robots.txt,0,http,31,10,8,3,0,1,0,1,5677,166,{'COM'},0,,,,,,,,
http://222.138.138.252:46481/bin.sh,1,http,35,17,9,3,0,1,0,0,,,set(),0,,,,,,,,
http://200.69.61.200:60009/bin.sh,1,http,33,15,9,3,0,1,0,1,10357,233,{'COM'},0,,,,,,,,
http://157.245.48.22/togel-result-japan/,0,http,40,10,10,3,0,1,0,0,,,set(),0,89,5,0,5,22,35,0,4
http://3.230.252.179/DSA688/DSA688S25/pmwiki.php?n=Site.Activities,0,http,66,18,13,3,0,1,0,1,7176,644,"{'NET', 'COM', 'ORG', 'UK'}",0,,,,,,,,
https://anhgaixinh.ac/dat-ky-nu-hoang-noi-y-khoe-dang-voi-3-vong-cang-det/,0,https,74,1,18,1,0,0,0,0,,,set(),1,112,76,1,1,24,53,0,5
https://blog1-c12645-1.btsndrc.ac/une-idee-de-poursuite-detudes/,0,https,64,7,13,2,2,0,1,0,,,set(),1,70,4,1,2,21,77,0,3
http://102.23.88.11:8082/sshd,1,http,29,13,8,3,0,1,0,0,,,set(),0,,,,,,,,
http://115.50.71.5:40259/i,1,http,26,13,8,3,0,1,0,0,,,set(),0,,,,,,,,
http://45.90.12.129/Simps/x86_64,1,http,32,13,9,3,0,1,0,1,189,175,{'COM'},0,0,0,0,0,0,0,0,1
http://31.170.22.205/bins/whisper.aarch64be,1,http,43,12,9,3,0,1,0,1,6492,82,{'COM'},0,,,,,,,,
http://103.18.58.161/~dpinternationalc/contact-us/,0,http,50,10,11,3,0,1,0,0,,,set(),0,20,6,2,13,4,43,0,4
http://117.206.21.161:57902/i,1,http,29,16,8,3,0,1,0,0,,,set(),0,,,,,,,,
http://41.76.212.64/~hotdotformsco/seller-registration-form-page/,0,http,65,9,13,3,0,1,0,1,7114,190,{'za'},0,,,,,,,,
http://123.4.188.69:47918/bin.sh,1,http,32,14,9,3,0,1,0,0,,,set(),0,,,,,,,,
https://159.223.47.206/airport-expert-creates-the-ideal-layout-for-laguardia-airport/,0,https,85,11,16,3,0,1,0,0,,,set(),0,,,,,,,,
https://217.15.164.239/referral,0,https,31,11,7,3,0,1,0,1,4788,324,{'NET'},0,,,,,,,,
https://github.com/temperloin/piponis/raw/refs/heads/main/cjitigjfktti.exe,1,https,74,0,12,1,0,0,0,1,6393,546,"{'NET', 'COM', 'ORG', 'UK'}",1,,,,,,,,
http://46.153.214.218:34737/Mozi.m,1,http,34,16,9,3,0,1,0,0,,,set(),0,,,,,,,,
http://193.143.1.32/zerx86,1,http,26,11,7,3,0,1,0,0,,,set(),0,,,,,,,,
http://jsnybsafva.me:7140/pws1.vbs,1,http,34,5,7,1,0,0,0,0,,,set(),1,,,,,,,,
http://118.107.0.80/robots.txt,0,http,30,9,8,3,0,1,0,0,,,set(),0,,,,,,,,
https://open.coki.ac/institution/049v7zy31/,0,https,43,6,8,2,0,0,1,0,,,set(),1,50,1,0,3,21,26,0,1
https://500ae.ac/mo-thay-me-da-mat-ve-danh-con-gi-giai-ma-bi-mat-giac-mo/,0,https,73,3,20,1,0,0,0,0,,,set(),1,58,23,2,1,34,95,0,5
http://59.88.52.177:42753/i,1,http,27,14,8,3,0,1,0,0,,,set(),0,,,,,,,,
http://110.172.187.21:30471/Mozi.m,1,http,34,16,9,3,0,1,0,0,,,set(),0,0,0,0,0,0,0,0,0
http://117.255.191.24:50488/i,1,http,29,16,8,3,0,1,0,0,,,set(),0,,,,,,,,
http://167.250.49.155/bin/Win32/mimidrv.sys,1,http,43,13,10,3,0,1,0,0,,,set(),0,0,0,0,0,0,0,0,0
http://61.0.220.180:60119/i,1,http,27,14,8,3,0,1,0,0,,,set(),0,,,,,,,,
http://71.193.245.103/Paleoweb/(X(1)S(vkg3sluxolxb0m45yt41ef45))/Public/SampleList.aspx?quad_id=92,0,http,98,22,20,3,0,1,0,1,10060,165,{'NET'},0,34,4,1,1,0,31,0,3
http://220.130.253.23/nregi01.aspx?SNO=43770,0,http,44,18,10,3,0,1,0,1,11346,1073,"{'NET', 'TW'}",0,3,2,1,2,1,6,0,2
http://private-sailing-croatia.com:8080/tplink,1,http,46,4,8,1,2,0,0,1,157,207,{'COM'},1,,,,,,,,
https://lv.codes.ac/coupons/iberostar/,0,https,38,0,8,2,0,0,1,0,,,set(),1,,,,,,,,
http://95.165.172.6:85/izvestia/2017/04/,0,http,40,17,11,3,0,1,0,0,,,set(),0,880,2,1,18,5,11,0,6
http://45.204.11.23/?domain=jkyyl.cn,0,http,36,9,10,3,0,1,0,0,,,set(),0,,,,,,,,
https://www.mediaoffice.abudhabi/ar/government-affairs/under-the-patronage-of-abdullah-bin-zayed-and-in-the-presence-of-theyab-bin-mohamed-bin-zayed-and-rashid-bin-humaid-bin-rashid/,0,https,182,0,32,2,0,0,1,1,2259,1027,{'ae'},1,94,75,1,1,16,75,1,4
http://45.164.177.162:11406/Mozi.m,1,http,34,16,9,3,0,1,0,0,,,set(),0,,,,,,,,
https://www.globalpointofcare.abbott/no/nn/support/product-demos.html,0,https,69,0,11,2,0,0,1,0,,,set(),1,93,13,2,6,21,52,5,6
http://66.49.205.37/0/akins%20station%20royalty/2/troy5321drew6432paige7543christopher8654akins%2020.html,0,http,105,35,14,3,0,1,0,0,,,set(),0,0,0,0,0,1,13,0,0
http://117.209.93.7:36835/Mozi.m,1,http,32,14,9,3,0,1,0,0,,,set(),0,,,,,,,,
http://61.3.135.254:42493/i,1,http,27,14,8,3,0,1,0,0,,,set(),0,,,,,,,,
https://www.jobs.abbott/global/es/job/31108319/Enterprise-Account-Manager-Southeast-Jacksonville-FL-Orlando-or-Tampa,0,https,116,8,18,2,0,0,1,0,,,set(),1,,,,,,,,
http://multi-canale.com/resgod.arm,1,http,34,0,7,1,1,0,0,1,163,201,{'COM'},1,0,0,0,0,0,0,0,0
http://218.29.28.117:37773/i,1,http,28,15,8,3,0,1,0,0,,,set(),0,,,,,,,,
http://74.50.159.52/robots.txt,0,http,30,9,8,3,0,1,0,1,9823,402,{'NET'},0,0,0,0,0,0,0,0,0
https://www.jobs.abbott/global/de/job/31104162/Senior-Sales-Rep,0,https,63,8,12,2,0,0,1,0,,,set(),1,3,10,0,5,25,69,1,47
http://2.56.10.87/country/italy/,0,http,32,7,9,3,0,1,0,0,,,set(),0,304,29,1,6,13,66,0,5
https://ctt.ac/BA1a0,0,https,20,2,5,1,0,0,0,0,,,set(),1,0,0,0,0,5,157,0,1
http://62.92.43.110/joomlattkort/index.php?option=com_users&view=remind&Itemid=,0,http,79,9,16,3,0,1,0,1,10242,350,{'NO'},0,,,,,,,,
http://117.196.180.33:38429/Mozi.m,1,http,34,16,9,3,0,1,0,0,,,set(),0,,,,,,,,
http://39.106.20.121/index.php?m=job&c=search&job1=955&job1_son=956&job_post=957,0,http,80,21,20,3,0,1,0,0,,,set(),0,255,16,1,5,3,17,0,5
http://123.172.70.17:60621/i,1,http,28,15,8,3,0,1,0,0,,,set(),0,,,,,,,,
https://103.146.141.70/0309.html,0,https,32,15,8,3,0,1,0,0,,,set(),0,,,,,,,,
http://182.126.89.240:60839/i,1,http,29,16,8,3,0,1,0,0,,,set(),0,,,,,,,,
https://co.medicinespro.abbott/tipo-producto/lumbalgia/,0,https,55,0,9,2,0,0,1,0,,,set(),1,83,21,7,6,16,43,0,7
https://bg.codes.ac/coupons/qure/,0,https,33,0,8,2,0,0,1,0,,,set(),1,,,,,,,,
http://117.235.115.247:43375/bin.sh,1,http,35,17,9,3,0,1,0,0,,,set(),0,,,,,,,,
http://42.112.26.36/meowarm7,1,http,28,10,7,3,0,1,0,0,,,set(),0,,,,,,,,
http://35.79.206.144/robots.txt,0,http,31,10,8,3,0,1,0,1,7176,644,"{'NET', 'COM', 'ORG', 'UK'}",0,,,,,,,,
http://mta179.insuretn.com/bins/nklarm6,1,http,39,4,7,2,0,0,1,1,10461,494,{'COM'},1,,,,,,,,
https://mghelp.top/bin/support.client.exe??i=&e=Support&y=Guest&r=,1,https,66,0,17,1,0,0,0,1,167,197,{'com'},1,,,,,,,,
https://charterschools.abudhabi/ar/w/al-danah-charter-school-1,0,https,62,1,11,1,0,0,0,1,1331,129,{'ae'},1,,,,,,,,
https://www.gr.abbott/content/dam/abbott/en-us/documents/pdfs/media-center/Abbott_PM%20Infographic_7%2021%2014_FINAL.pdf,0,https,120,11,22,2,0,0,1,0,,,set(),1,,,,,,,,
https://152.42.234.201/robots.txt,0,https,33,11,8,3,0,1,0,0,,,set(),0,,,,,,,,
https://3.89.240.154/,0,https,21,9,7,3,0,1,0,1,7176,644,"{'NET', 'COM', 'ORG', 'UK'}",0,,,,,,,,
http://c0vid.ddns.net/main_sh4,1,http,30,2,7,2,0,0,1,0,,,set(),0,,,,,,,,
http://123.129.132.220:59098/bin.sh,1,http,35,17,9,3,0,1,0,0,,,set(),0,,,,,,,,
http://61.52.47.10:50086/Mozi.m,1,http,31,13,9,3,0,1,0,0,,,set(),0,,,,,,,,
http://117.3.146.91/robots.txt,0,http,30,9,8,3,0,1,0,0,,,set(),0,,,,,,,,
http://101.37.15.10:26538/e85b3cb050,0,http,36,20,8,3,0,1,0,0,,,set(),0,0,0,0,1,3,10,0,0
http://82.58.168.32/dead/dlr.mpsl,1,http,33,9,9,3,0,1,0,1,10665,292,{'it'},0,,,,,,,,
http://115.63.147.196:34034/bin.sh,1,http,34,16,9,3,0,1,0,0,,,set(),0,,,,,,,,
https://links.cuevana.ac/short/bzhtbHRydmh3VjRIdU82dVhHMkg0MSsyUVdUelBlekdSdVZHUmc5R1pQUXZMU3JSejh0Q25oUHFMZENpOFZuOWpsZjdCeXk1SHJZaTJISEZINmRRRkt3bjIvd1VTb3RmNHMrQTg1VFhEL1E9/,0,https,176,17,8,2,0,0,1,0,,,set(),1,1,1,0,1,7,41,0,3
http://167.172.166.26/uploads/Kyc1_1_74d6d5cde6_2f48431cb2.pdf,0,http,62,25,12,3,0,1,0,0,,,set(),0,0,0,0,0,0,0,0,0
https://open.coki.ac/institution/01gw91x75/,0,https,43,6,8,2,0,0,1,0,,,set(),1,50,1,0,3,21,46,0,1
http://117.198.10.203:34338/bin.sh,1,http,34,16,9,3,0,1,0,0,,,set(),0,,,,,,,,
https://178.128.112.15/?content=sport,0,https,37,11,9,3,0,1,0,0,,,set(),0,83,70,3,6,2,0,0,1
https://128.199.68.31/,0,https,22,10,7,3,0,1,0,0,,,set(),0,,,,,,,,
http://157.230.194.81/director/g-b-sampedro/,0,http,44,11,11,3,0,1,0,0,,,set(),0,55,9,1,6,12,36,0,5
https://www.freestyle.abbott/sa-ar/support/faq/question-answer.html?q=the-freestyle-libre-system-tab-question-134,0,https,113,3,20,2,0,0,1,0,,,set(),1,93,7,3,4,18,60,1,6
http://106.250.163.190/robots.txt,0,http,33,12,8,3,0,1,0,0,,,set(),0,,,,,,,,
https://165.22.33.34/,0,https,21,9,7,3,0,1,0,0,,,set(),0,,,,,,,,
http://37.221.67.207/bins/Hilix.ppc,1,http,35,10,9,3,0,1,0,0,,,set(),0,,,,,,,,
http://88.231.106.11:54043/i,1,http,28,15,8,3,0,1,0,1,6290,1013,{'tr'},0,,,,,,,,
https://git.ahur.ac/statzitz/newuptime/commit/42a6b8052c0db1126d568df466c45a214806b239,0,https,86,29,9,2,0,0,1,0,,,set(),1,68,2,3,2,13,56,0,3
http://172.105.249.169:9000/notes/1545481255322,0,http,47,29,9,3,0,1,0,1,8111,654,{'NET'},0,14,1,0,2,3,26,0,0
https://github.com/temperloin/Figvam/raw/refs/heads/main/mtyihjksfda.exe,1,https,72,0,12,1,0,0,0,1,6393,546,"{'NET', 'COM', 'ORG', 'UK'}",1,,,,,,,,
https://104.248.228.91,0,https,22,11,6,3,0,1,0,0,,,set(),0,5,0,0,0,16,42,0,0
http://162.0.232.22/robots.txt,0,http,30,9,8,3,0,1,0,0,,,set(),0,,,,,,,,
http://103.230.104.210:8088/robots.txt,0,http,38,16,9,3,0,1,0,0,,,set(),0,,,,,,,,
http://213.240.143.86/scalemodels/artikel/Exklusive%20Pr%C3%A4sente/Walzenmodell%20BW%20202%20-%20Loxam~Loxam.html;jsessionid=220848ECD20671E6931FA13BD9868251,0,http,158,50,22,3,0,1,0,0,,,{'de'},0,15,7,5,3,15,82,1,2
http://42.227.176.160:56216/Mozi.m,1,http,34,16,9,3,0,1,0,0,,,set(),0,,,,,,,,
https://111.90.159.132/action/yuvaraj-2024/,0,https,43,15,10,3,0,1,0,0,,,set(),0,178,24,2,8,28,53,0,6
http://35.186.148.100/robots.txt,0,http,32,11,8,3,0,1,0,1,5988,220,{'COM'},0,0,0,0,0,0,0,0,0
https://217.15.164.239/tv/under-the-queens-umbrella-2022/,0,https,57,15,13,3,0,1,0,1,4788,324,{'NET'},0,,,,,,,,
https://188.166.191.237/robots.txt,0,https,34,12,8,3,0,1,0,0,,,set(),0,,,,,,,,
http://185.248.12.129:60416/i,1,http,29,16,8,3,0,1,0,1,3140,1241,{'com'},0,,,,,,,,
http://182.124.146.47:36052/bin.sh,1,http,34,16,9,3,0,1,0,0,,,set(),0,,,,,,,,
https://barbar77.ac/2011/11/college-freshman-vs-college-senior/,0,https,63,8,12,1,0,0,0,0,,,set(),1,,,,,,,,
http://123.4.236.170:54613/bin.sh,1,http,33,15,9,3,0,1,0,0,,,set(),0,,,,,,,,
http://116.205.98.214:81/02.08.2022.exe,1,http,39,21,11,3,0,1,0,1,2936,2907,"{'NET', 'COM'}",0,,,,,,,,
http://112.226.1.198:50380/i,1,http,28,15,8,3,0,1,0,0,,,set(),0,,,,,,,,
http://91.188.254.21/oops/Kloki.x86_64,1,http,38,14,10,3,0,1,0,1,1960,231,{'COM'},0,,,,,,,,
http://103.84.91.60/?domain=m1nt.com.cn,0,http,39,10,11,3,0,1,0,0,,,set(),0,,,,,,,,
http://182.126.244.149:57057/i,1,http,30,17,8,3,0,1,0,0,,,set(),0,,,,,,,,
https://deals.ac/sophia-momodu-celebrates-daughter-imades-8th-birthday/,0,https,71,1,12,1,0,0,0,0,,,set(),1,49,11,2,20,21,70,0,13
http://192.241.171.49.,0,http,22,11,7,4,0,0,3,0,,,set(),0,,,,,,,,
http://185.142.53.59/nrarm6,1,http,27,11,7,3,0,1,0,0,,,set(),0,,,,,,,,
http://160.191.244.78/bins/dlr.ppc,1,http,34,11,9,3,0,1,0,0,,,set(),0,,,,,,,,
https://www.mediaoffice.abudhabi/ar/government-affairs/mohamed-bin-zayed-issues-a-resolution-to-restructure-board-of-abudhabi-global-market/,0,https,140,0,22,2,0,0,1,1,2259,1027,{'ae'},1,77,13,1,1,16,67,1,4
http://43.135.136.230/louisvuitton/louis-vuitton-modelo-eva.html,0,http,64,11,12,3,0,1,0,0,,,set(),0,,,,,,,,
https://comprar.pediasure.abbott/mx/similac-total-comfort-etapa-2-820gr.html,0,https,76,4,13,2,0,0,1,0,,,set(),1,,,,,,,,
